wmc,dit,noc,cbo,rfc,lcom,ca,ce,npm,lcom3,loc,dam,moa,mfa,cam,ic,cbm,amc,max_cc,avg_cc,buggy,Accuracy_Voting_Pred,Accuracy_Voting_Pred_Prob,FMeasure_Voting_Pred,FMeasure_Voting_Pred_Prob,GMean_Voting_Pred,GMean_Voting_Pred_Prob,Accuracy_RF_Pred,Accuracy_RF_Pred_Prob,FMeasure_RF_Pred,FMeasure_RF_Pred_Prob,GMean_RF_Pred,GMean_RF_Pred_Prob,Accuracy_Ada_Pred,Accuracy_Ada_Pred_Prob,FMeasure_Ada_Pred,FMeasure_Ada_Pred_Prob,GMean_Ada_Pred,GMean_Ada_Pred_Prob,Function to be selected,PredictedTechnique,DSF_Prediction,DSF_Pred_Prob
14,2,0,11,52,43,0,11,12,0.955128205,467,0.166666667,1,0.5,0.276923077,2,3,31.5,12,2.2143,True,True,0.7002339503824206,False,0.19219853029703085,False,0.24849517449865496,False,0.5,False,0.2,False,0.3,True,0.5013005233382719,False,0.4841637081142442,True,0.5050688223619578,GMean_RF_Pred,GMean_RF_Pred,False,0.006237416151063961
3,3,0,7,6,3,4,4,3,2.0,16,0.0,0,0.9722222220000001,0.533333333,1,1,4.333333333,1,0.3333,False,False,0.04268655323988927,False,0.043315259206098015,False,0.08213932656840715,False,0.0,False,0.0,False,0.0,False,0.3206072988712385,False,0.3118011295835458,False,0.4863214656852069,GMean_RF_Pred,GMean_RF_Pred,False,0.0
25,1,0,7,78,194,2,5,17,0.8787878790000001,530,0.727272727,3,0.0,0.261904762,0,0,19.76,3,1.04,False,True,0.5741922240151577,True,0.5527401038815328,True,0.5501992698426059,False,0.2,False,0.2,True,0.8,True,0.5364023232102633,False,0.4893756200171766,True,0.5007118864792084,GMean_RF_Pred,GMean_RF_Pred,True,0.9777797375215889
18,3,0,10,62,149,0,10,6,1.019607843,417,0.444444444,1,0.6,0.33823529399999996,1,2,21.66666667,5,1.1111,False,False,0.31789355995591795,False,0.4290277414013581,False,0.23555879474777244,False,0.3,False,0.3,False,0.3,False,0.4854868242858342,True,0.50184267151289,False,0.4883175122396097,GMean_RF_Pred,GMean_RF_Pred,False,0.006229744804641694
16,2,0,3,24,106,1,2,11,0.333333333,151,1.0,1,0.605263158,0.5,1,6,8.25,2,1.0625,False,False,0.4898342582825338,False,0.10142664512899427,False,0.18121738355897865,True,0.6,False,0.3,False,0.3,False,0.4831674810750477,False,0.4629168927473207,False,0.4780147083675534,GMean_RF_Pred,GMean_RF_Pred,False,0.009706496972666566
11,2,0,7,39,7,1,6,9,0.666666667,245,0.0,1,0.72972973,0.333333333,0,0,21.0,5,1.9091,True,False,0.4600422428687269,False,0.461721257806397,True,0.5003322785317187,False,0.4,True,0.6,False,0.5,False,0.4914433884868505,True,0.5077147298633278,False,0.4991565117052363,GMean_RF_Pred,GMean_RF_Pred,False,0.012513766951300551
8,2,0,14,43,8,4,12,8,0.628571429,376,1.0,1,0.833333333,0.265625,1,2,45.375,5,1.875,False,True,0.5430521777841345,False,0.1910412511069494,False,0.15639172371966278,False,0.2,False,0.4,True,0.9,True,0.5022474873118604,True,0.5160202389724668,True,0.5114852724908737,GMean_RF_Pred,GMean_RF_Pred,True,0.9840094822251271
3,2,0,5,6,3,4,3,3,2.0,17,0.0,0,0.967741935,0.533333333,0,0,4.666666667,1,0.3333,False,False,0.06677439230150416,False,0.061859827575408276,False,0.08213932656840715,False,0.0,False,0.0,False,0.0,False,0.3206072988712385,False,0.30677367521015697,False,0.4863214656852069,GMean_RF_Pred,GMean_RF_Pred,False,0.0
4,1,0,4,17,0,1,3,4,0.333333333,120,0.75,1,0.0,0.583333333,0,0,28.0,4,1.5,False,False,0.13294949290233973,False,0.4416590472159959,False,0.0835224265303065,False,0.3,False,0.5,False,0.0,True,0.5039971983142815,False,0.4950012585310542,False,0.4926548791587497,GMean_RF_Pred,GMean_RF_Pred,False,0.0
3,2,0,2,6,3,0,2,1,2.0,12,0.0,0,0.7142857140000001,0.666666667,1,2,3.0,1,0.6667,False,False,0.05943982600769372,False,0.04380106615545898,False,0.06670596943804193,False,0.1,False,0.0,False,0.0,False,0.4864668225185469,False,0.4628033649400188,False,0.4684014370199889,GMean_RF_Pred,GMean_RF_Pred,False,0.0
8,2,0,18,41,0,5,15,8,0.642857143,218,1.0,1,0.833333333,0.28125,1,1,25.75,1,0.75,True,False,0.14068619749753433,False,0.15320370904111005,False,0.15124617827007256,False,0.3,False,0.5,True,0.7,False,0.4975315978449354,True,0.5005251439363277,False,0.4956619012192415,GMean_RF_Pred,GMean_RF_Pred,True,0.9777720661746118
12,1,0,21,35,66,6,15,9,2.0,337,0.0,0,0.0,0.295454545,0,0,27.08333333,7,2.0,False,True,0.5408281551225073,False,0.17227287825215146,False,0.17201933638856634,False,0.4,False,0.4,False,0.4,False,0.4909138722311821,True,0.5056907852883344,False,0.4937123662790773,GMean_RF_Pred,GMean_RF_Pred,False,0.006229744804641694
13,2,1,5,18,58,1,4,13,0.666666667,103,1.0,1,0.6333333329999999,0.46153846200000004,0,0,6.846153846,4,1.4615,False,False,0.1084893458014109,False,0.1037188003644563,True,0.5417697601973697,False,0.4,False,0.4,False,0.2,False,0.4974923749385993,False,0.4681209396339449,False,0.4865876216225797,GMean_RF_Pred,GMean_RF_Pred,False,0.0
6,3,0,2,19,15,2,0,4,1.12,184,0.0,0,0.8125,0.5,1,1,28.83333333,14,2.8333,False,False,0.05450172726619877,False,0.05102668135317285,False,0.09875563963305244,False,0.1,False,0.2,False,0.1,False,0.4985919970082182,False,0.4706750547998974,False,0.4893083620190227,GMean_RF_Pred,GMean_RF_Pred,False,0.0
4,2,0,4,18,0,1,3,2,0.5555555560000001,116,0.333333333,0,0.571428571,0.45,0,0,27.25,6,2.0,True,False,0.42080526122221423,False,0.4166720953933454,False,0.4332075867325503,True,0.6,False,0.4,True,0.6666666666666667,True,0.5000195123838742,True,0.5012559045944869,True,0.5018734137662066,GMean_RF_Pred,GMean_RF_Pred,True,0.993693405937295
37,1,0,16,92,0,3,13,34,0.5,438,1.0,1,0.0,0.177777778,1,1,10.78378378,12,1.1351,False,True,0.9360337225837402,True,0.9250506191124592,True,0.950265009799992,True,0.9,False,0.5,True,0.9,True,0.5841348419292669,True,0.6212724300370669,True,0.6314575507554079,FMeasure_RF_Pred,GMean_RF_Pred,True,0.9937159779202085
9,1,1,12,51,0,1,11,6,0.7142857140000001,316,0.571428571,1,0.0,0.37777777799999995,0,0,33.33333333,3,1.6667,True,True,0.6042679025652479,True,0.5020323928187028,False,0.4833883707917703,True,0.6,True,0.8,True,0.9,True,0.5088700157636451,True,0.5042302726897401,True,0.5107861186587549,GMean_RF_Pred,GMean_RF_Pred,True,0.9999999999999996
1,1,0,7,1,0,7,0,1,2.0,1,0.0,0,0.0,1.0,0,0,0.0,1,1.0,False,False,0.06781041174538216,False,0.03439213127577079,False,0.029088214158213388,False,0.0,False,0.0,False,0.0,False,0.4864493424604045,False,0.3089138799110647,False,0.37318794313271386,GMean_RF_Pred,GMean_RF_Pred,False,0.0
5,2,0,11,18,10,4,9,5,2.0,129,0.0,0,0.9090909090000001,0.4,1,1,24.8,1,0.6,True,False,0.4505930919108663,False,0.4508638356056792,False,0.44550033090936775,True,0.9,True,0.8,True,1.0,False,0.49994762130860904,True,0.5026841401394974,False,0.4985554632507168,GMean_RF_Pred,GMean_RF_Pred,True,0.9870231938083646
6,2,0,11,24,15,4,9,5,2.0,207,0.0,0,0.882352941,0.333333333,2,2,33.5,2,0.8333,False,False,0.14282452207511373,False,0.14208193724872195,False,0.12668851909423445,False,0.1,False,0.2,False,0.1,False,0.4940410319724234,False,0.4888068033339549,False,0.4981175971139741,GMean_RF_Pred,GMean_RF_Pred,False,0.0
153,1,0,68,250,8092,49,61,50,0.7434210529999999,8270,0.807692308,10,0.0,0.145559211,0,0,52.88235294,12,2.6275,True,True,0.9999985726954672,True,0.9999084729657952,True,0.9975355970927364,True,0.6,True,0.7,True,1.0,True,0.5874240026035469,True,0.7127728386115463,True,0.6074578836602613,GMean_RF_Pred,GMean_RF_Pred,True,0.9999999999999999
12,1,0,3,19,42,1,2,9,0.818181818,159,0.5,0,0.0,0.36111111100000004,0,0,11.91666667,5,1.6667,True,False,0.14549405152600153,False,0.46199104833921095,False,0.4998832535190463,False,0.4,False,0.5,True,0.6,False,0.4882766759252264,True,0.5079733462361388,True,0.5013880851674898,GMean_RF_Pred,GMean_RF_Pred,True,0.9840094823262305
9,4,0,5,19,8,1,4,8,0.75,263,1.0,0,0.75,0.333333333,1,2,28.0,10,2.0,False,False,0.05110181136758238,False,0.3985733688177567,False,0.4859729279998982,False,0.5,True,0.6,True,0.6,True,0.5012376636518824,True,0.5100639227809407,True,0.5044949895954522,GMean_RF_Pred,GMean_RF_Pred,True,0.9902935043813779
5,2,0,9,8,10,0,9,5,2.0,22,0.0,0,0.692307692,0.44,0,0,3.4,1,0.8,True,False,0.4202052973918089,False,0.06480319487850981,False,0.4360164409457989,True,0.8,False,0.5,True,0.8,False,0.4968092716350504,True,0.5001713766773997,True,0.5057008075848713,GMean_RF_Pred,GMean_RF_Pred,True,0.9936977539994318
4,4,6,38,7,0,37,1,4,0.666666667,35,1.0,0,0.9285714290000001,0.666666667,0,0,7.25,1,0.25,False,False,0.03064141237464736,False,0.02665469031661311,False,0.43933773441730734,False,0.1,False,0.0,False,0.0,False,0.4855264998000186,False,0.4659100127503219,True,0.5647439856693391,GMean_RF_Pred,GMean_RF_Pred,False,0.002476157527181172
4,2,0,7,10,6,4,5,4,2.0,28,0.0,0,0.9375,0.39285714299999996,0,0,6.0,1,0.5,True,False,0.07593528629630841,False,0.4047605600109346,False,0.2687719737741468,False,0.3,False,0.5,False,0.4416666666666666,False,0.4875049338621942,False,0.4919755966511847,False,0.4934279587906717,GMean_RF_Pred,GMean_RF_Pred,False,0.0
89,1,0,5,123,492,1,4,10,0.80815508,13175,0.382352941,1,0.0,0.33901515200000004,0,0,146.6516854,209,13.4831,True,False,0.3333335599966816,False,0.3333333333333333,True,0.5253664207163841,True,0.6,False,0.4,False,0.4,True,0.5832748935718606,False,0.4398422311990762,True,0.5448497418717897,GMean_RF_Pred,GMean_RF_Pred,False,0.00817452822164634
5,1,0,6,9,0,2,4,4,0.25,37,1.0,1,0.0,0.433333333,0,0,6.2,1,0.8,True,False,0.13535921986642646,False,0.09020786793145036,False,0.43174561953522267,False,0.4,False,0.2,False,0.33333333333333337,False,0.4916316386729046,False,0.4995950209815952,False,0.4967195224013405,GMean_RF_Pred,GMean_RF_Pred,False,0.0
3,3,0,9,14,3,4,6,3,2.0,48,0.0,0,0.9722222220000001,0.533333333,2,2,15.0,3,1.0,False,False,0.048522720285430886,False,0.05172760041089431,False,0.07789350623200285,False,0.0,False,0.0,False,0.0,False,0.32914134494999725,False,0.3096350119993132,False,0.4840665677878404,GMean_RF_Pred,GMean_RF_Pred,False,0.0
7,2,0,21,44,0,5,18,6,0.5,427,1.0,1,0.857142857,0.387755102,1,2,59.42857143,2,0.8571,True,True,0.5181872618493343,False,0.28074748330706106,False,0.11003600844554512,True,0.7,True,0.7,False,0.0,False,0.491275286212394,False,0.4931422806209122,False,0.4940332736999661,GMean_RF_Pred,GMean_RF_Pred,False,0.011973905053017545
7,2,1,8,13,0,1,7,7,0.166666667,71,1.0,1,0.571428571,0.47619047600000003,0,0,9.0,1,0.8571,True,False,0.1114291386841858,False,0.07969421840867112,False,0.4539937771582217,False,0.3,False,0.1,True,0.6,False,0.4992108151984431,False,0.4907779519136535,False,0.4942902472599994,GMean_RF_Pred,GMean_RF_Pred,True,0.9830640469827457
19,2,0,1,29,61,1,0,14,0.7098765429999999,342,0.666666667,0,0.46428571399999996,0.305555556,1,2,16.52631579,2,0.8421,False,False,0.3679330090558783,False,0.4662257350397739,False,0.2589336194981794,False,0.5,False,0.5,False,0.1,True,0.5033849807594638,False,0.4909197989128291,False,0.4792636710457077,GMean_RF_Pred,GMean_RF_Pred,False,0.0
2,1,0,6,13,1,1,5,2,2.0,53,0.0,0,0.0,0.5,0,0,25.5,1,0.5,True,True,0.5124239697059553,False,0.1511370273867866,False,0.0824910922438323,True,0.6,False,0.2,False,0.0,False,0.4870790805110888,False,0.4866097967978151,False,0.4947362242710936,GMean_RF_Pred,GMean_RF_Pred,False,0.005676730087773877
3,2,0,5,6,3,4,3,3,2.0,17,0.0,0,0.967741935,0.533333333,0,0,4.666666667,1,0.3333,False,False,0.06860670522384528,False,0.052645746676603024,False,0.07789350623200285,False,0.0,False,0.0,False,0.0,False,0.3183059959831991,False,0.30960122302213344,False,0.4840665677878404,GMean_RF_Pred,GMean_RF_Pred,False,0.0
9,2,0,9,55,2,0,9,6,0.583333333,476,1.0,0,0.6,0.37777777799999995,2,2,51.55555556,9,3.1111,True,False,0.22284852683979106,False,0.15992211451393934,False,0.11945487539314972,False,0.2,False,0.4,False,0.4,True,0.5134912646976902,False,0.4832801934860393,True,0.5000176560933665,GMean_RF_Pred,GMean_RF_Pred,False,0.0024826854133620023
5,1,0,4,5,10,2,2,5,2.0,5,0.0,0,0.0,0.5,0,0,0.0,1,1.0,False,False,0.3017182005652729,False,0.4052854482852704,False,0.09108997215860082,True,0.5233333333333333,False,0.5,False,0.1,False,0.4981390140045869,True,0.5111430245095144,False,0.4932268100511562,GMean_RF_Pred,GMean_RF_Pred,False,0.00820107878769784
43,2,0,44,52,897,0,44,41,0.011904762,340,1.0,0,0.505882353,0.06760411,0,0,6.860465116,4,1.0698,True,True,0.6140506849851529,True,0.983447961674174,True,0.6216843247174735,True,0.6,True,0.7,True,0.8,True,0.6912574988309812,True,0.6197823990638722,True,0.6432046691829465,GMean_RF_Pred,GMean_RF_Pred,True,0.9999999999999998
1,1,0,8,1,0,7,1,1,2.0,1,0.0,0,0.0,1.0,0,0,0.0,1,1.0,False,False,0.13277169210927126,False,0.026083478002080787,False,0.0286542026128216,False,0.0,False,0.0,False,0.0,False,0.4847134963939326,False,0.2053982992735179,False,0.3687209260492269,GMean_RF_Pred,GMean_RF_Pred,False,0.0
4,2,0,9,19,6,4,7,4,2.0,133,0.0,0,0.9375,0.4166666670000001,1,1,32.25,1,0.5,False,False,0.16466136316188942,False,0.4923883723991755,False,0.09829352608985603,False,0.2,True,0.7,False,0.03333333333333333,False,0.4922799741535033,False,0.4929428584585779,False,0.4934279587906717,GMean_RF_Pred,GMean_RF_Pred,False,0.006262812816828914
5,3,2,16,18,0,15,1,4,0.666666667,388,0.5,1,0.8666666670000001,0.4,1,1,75.4,14,4.8,False,False,0.17588901736482332,True,0.5282202364842525,True,0.5649295615114187,True,0.6,False,0.5,False,0.4,True,0.5834873775569264,True,0.5005751962182523,True,0.5253466682450483,GMean_RF_Pred,GMean_RF_Pred,False,0.01065435338845476
5,1,3,6,6,0,5,1,4,0.625,30,1.0,1,0.0,0.46666666700000003,0,0,4.6,2,1.0,False,False,0.1364243071741449,False,0.0764033238298646,False,0.4608591111882313,False,0.1,False,0.0,False,0.0,False,0.4916795523866338,False,0.4865703068282227,False,0.4733589622538488,GMean_RF_Pred,GMean_RF_Pred,False,0.0
3,2,0,5,15,0,1,4,2,0.25,116,1.0,1,0.666666667,0.611111111,0,0,37.0,2,1.0,False,True,0.54374329249831,False,0.13767052293633228,False,0.06824046121985927,False,0.1,False,0.1,False,0.0,False,0.4994557095248838,False,0.4947165791240422,False,0.4991400138617806,GMean_RF_Pred,GMean_RF_Pred,False,0.0
10,2,0,9,46,0,1,8,8,0.5555555560000001,296,0.5,1,0.75,0.385714286,0,0,28.2,9,2.6,True,False,0.09440685937118264,False,0.41672847802508906,False,0.45841805968894506,False,0.5,True,0.7,False,0.3,True,0.5063665832930878,False,0.4991132473120533,True,0.5000176560933665,GMean_RF_Pred,GMean_RF_Pred,False,0.008770795279203466
20,2,0,8,27,118,5,3,17,0.473684211,129,1.0,1,0.5476190479999999,0.316666667,1,3,5.4,1,0.95,False,True,0.6960353820726539,True,0.5146911461900165,False,0.3654286168994397,True,0.9,True,0.7,False,0.2,True,0.5060128408043314,True,0.5001285499098764,False,0.4800087789175672,GMean_RF_Pred,GMean_RF_Pred,False,0.014431851021315365
6,2,0,11,24,15,4,9,5,2.0,197,0.0,0,0.882352941,0.333333333,2,2,31.83333333,2,0.8333,False,False,0.17773463954986013,False,0.1570104693332194,False,0.11643807962593873,False,0.1,False,0.2,False,0.3,False,0.4939034537591521,False,0.4965479898794901,False,0.4993009103288057,GMean_RF_Pred,GMean_RF_Pred,False,0.0
9,1,0,2,27,18,0,2,7,0.825,236,0.4,0,0.0,0.4,0,0,24.66666667,5,1.8889,True,False,0.2003979475775937,False,0.1295168496967923,False,0.11905086283972165,False,0.4,True,0.6,False,0.3,True,0.5011236986821999,True,0.500338567912139,True,0.5000176560933665,GMean_RF_Pred,GMean_RF_Pred,False,0.011238477976056906
28,1,0,12,60,0,3,9,28,0.0,278,1.0,1,0.0,0.25,0,0,8.892857142999999,2,0.9286,True,True,0.5567581680162478,True,0.8126207997118121,True,0.5563110168057165,True,0.8,True,0.7,True,0.7,False,0.4850526642188851,True,0.5048168031115104,True,0.5437504180465154,GMean_RF_Pred,GMean_RF_Pred,True,0.9999999999999996
6,1,0,2,20,3,0,2,5,0.95,110,0.25,0,0.0,0.46666666700000003,0,0,16.66666667,3,1.5,False,False,0.1193621252603796,False,0.11403905897216696,False,0.10869110721471224,False,0.0,False,0.4,False,0.5,False,0.4929534813186929,False,0.493243493035229,False,0.4935046206248696,GMean_RF_Pred,GMean_RF_Pred,False,0.0
3,1,1,6,9,1,1,5,1,0.5,52,1.0,2,0.0,0.46666666700000003,0,0,15.66666667,1,0.6667,False,False,0.11413221088513098,False,0.4367102451014751,False,0.10816601886898623,False,0.05222222222222221,False,0.3,True,0.65,False,0.4860031727310029,False,0.4854161854352041,False,0.4996486777078177,GMean_RF_Pred,GMean_RF_Pred,True,0.9870234088367296
5,2,0,11,12,10,5,8,5,2.0,62,0.0,0,0.9090909090000001,0.4,1,2,11.4,1,0.6,False,False,0.0843539997054145,False,0.09086507955945528,False,0.11326996869380795,False,0.1,False,0.2,False,0.1,False,0.49224223775273906,False,0.4974599387714395,True,0.5005826835315009,GMean_RF_Pred,GMean_RF_Pred,False,0.002064948428609918
5,1,0,4,26,0,0,4,5,0.916666667,121,0.333333333,0,0.0,0.48,0,0,22.6,2,1.4,True,False,0.1331608872286265,False,0.1289919712779278,False,0.10438977831676603,False,0.1,False,0.2,True,0.6,False,0.4929534813186929,False,0.493243493035229,False,0.4960500418748021,GMean_RF_Pred,GMean_RF_Pred,True,0.9870467600472895
8,5,0,46,14,6,43,3,8,0.80952381,79,1.0,0,0.666666667,0.375,1,1,8.125,1,0.875,False,False,0.3540569563770794,False,0.3659270816451394,False,0.3695606739032587,False,0.4,True,0.6,False,0.3,True,0.5018717295870956,True,0.509023753205563,False,0.4892598506431983,GMean_RF_Pred,GMean_RF_Pred,False,0.008167423362164678
1,1,0,4,1,0,3,1,1,2.0,1,0.0,0,0.0,1.0,0,0,0.0,1,1.0,False,False,0.06885630364380257,False,0.035561497659490286,False,0.03352785899861732,False,0.0,False,0.0,False,0.0,False,0.4842894733021285,False,0.1999123374209148,False,0.3817120174591153,GMean_RF_Pred,GMean_RF_Pred,False,0.0
25,1,2,80,46,298,76,5,21,0.166666667,198,1.0,1,0.0,0.213333333,0,0,6.88,3,1.04,False,True,0.8286805554130429,True,0.8778711212087762,True,0.8197735942140146,True,0.9,True,1.0,True,0.9,True,0.5151287779025682,True,0.5055708985446197,False,0.4843816938512504,GMean_Ada_Pred,GMean_Ada_Pred,False,0.2580853585680195
6,1,0,7,27,5,4,4,3,1.076923077,151,0.307692308,2,0.0,0.333333333,0,0,22.0,5,2.1667,True,False,0.12383790959059933,False,0.4636554556965051,False,0.12580733124471696,True,0.7,False,0.5,False,0.2,False,0.4963348077068687,False,0.4945701302782912,False,0.4851478725417886,Accuracy_RF_Pred,Accuracy_RF_Pred,True,0.7734103656111172
4,2,0,9,8,6,4,7,4,2.0,23,0.0,0,0.9375,0.39285714299999996,0,0,4.75,1,0.5,True,False,0.06716094191135685,False,0.4090735409434208,False,0.4455165518128723,False,0.1,False,0.3,False,0.5,False,0.4891819536856221,False,0.4897862775187431,False,0.4935530042249311,GMean_RF_Pred,GMean_RF_Pred,False,0.0
24,1,0,11,74,274,11,0,23,0.956521739,731,1.0,0,0.0,0.16847826100000002,0,0,29.41666667,8,2.5833,False,True,0.5591570493299572,True,0.6002229871007339,True,0.8788848600226274,False,0.1,True,0.6,False,0.5,False,0.4878488799617381,True,0.5030608696961113,False,0.4906244028085992,GMean_RF_Pred,GMean_RF_Pred,False,0.008163331527749796
4,2,0,10,10,6,4,8,4,2.0,37,0.0,0,0.9375,0.39285714299999996,1,1,8.25,1,0.5,False,False,0.07390508525721841,False,0.4154510843122052,False,0.4455165518128723,False,0.4,True,0.8,False,0.5,False,0.4871490864246154,False,0.493332184953603,False,0.4935530042249311,GMean_RF_Pred,GMean_RF_Pred,False,0.0043048278720173045
5,2,0,10,11,10,4,8,5,2.0,32,0.0,0,0.9090909090000001,0.37142857100000004,1,2,5.4,1,0.6,False,False,0.07115427113272159,False,0.08196107216157797,False,0.4527659040130696,False,0.4,False,0.2,True,0.6,False,0.4969066393261388,False,0.4939132844702276,True,0.5005826835315009,GMean_RF_Pred,GMean_RF_Pred,True,0.9891453704727966
5,1,0,6,19,10,2,4,5,2.0,247,0.0,0,0.0,0.3,0,0,48.4,12,4.2,False,True,0.551882818238395,True,0.5183469442225977,False,0.4682417457862533,False,0.4,False,0.4,True,0.7,False,0.4406797087812833,True,0.5008846672664562,True,0.5040397401663008,GMean_RF_Pred,GMean_RF_Pred,True,0.9929707653733462
3,1,0,1,10,1,1,0,2,0.5,84,0.0,0,0.0,0.5,0,0,26.66666667,10,3.3333,False,False,0.4416841762228808,False,0.4298666815320602,False,0.09282470097489386,False,0.4,True,0.9,False,0.45,False,0.4996943993302689,False,0.4930310871251815,False,0.496706598531933,GMean_RF_Pred,GMean_RF_Pred,False,0.00430625764853918
15,1,0,18,63,9,1,17,8,0.6031746029999999,830,1.0,3,0.0,0.333333333,0,0,53.73333333,12,3.6,False,True,0.8870414626815144,True,0.8867236895289512,False,0.17017155736120734,True,0.9,False,0.4,False,0.5,False,0.4954204667936522,True,0.502280563778286,False,0.4936752312972613,GMean_RF_Pred,GMean_RF_Pred,False,0.006579352184420854
4,3,0,8,11,6,4,5,3,2.0,46,0.0,0,0.9459459459999999,0.45833333299999995,2,3,10.5,5,1.5,False,False,0.3740276996642073,False,0.04656259915547501,False,0.09965446738637024,False,0.1,False,0.2,False,0.1,False,0.3213951841882017,False,0.30522903454887634,False,0.4832777430697368,GMean_RF_Pred,GMean_RF_Pred,False,0.0
9,2,0,12,29,34,2,10,7,0.75,199,1.0,0,0.5625,0.26388888899999996,0,0,21.0,5,1.4444,True,False,0.1096234075333382,False,0.4580809056395867,False,0.15555959766274108,True,0.6,False,0.5,True,0.6,True,0.5001870281401095,True,0.5189468479506435,True,0.5089164318264129,GMean_RF_Pred,GMean_RF_Pred,True,0.9956886736645536
41,1,0,48,41,820,43,41,41,2.0,41,0.0,0,0.0,0.069767442,0,0,0.0,1,1.0,True,True,0.9423432311597196,True,0.9611904072728632,True,0.9195225674773608,True,1.0,True,0.9,True,1.0,True,0.6746710268792563,True,0.6662625470989763,True,0.6118434453860112,GMean_RF_Pred,GMean_RF_Pred,True,1.0000000000000002
7,1,0,1,26,1,0,1,6,0.0,149,1.0,0,0.0,0.46428571399999996,0,0,20.14285714,4,1.0,False,False,0.13735220752772614,False,0.12313574906298715,False,0.1126626986107563,False,0.2,False,0.3,False,0.5,False,0.4929534813186929,False,0.4902262152217969,False,0.4935046206248696,GMean_RF_Pred,GMean_RF_Pred,False,0.0
1,5,0,4,2,0,3,1,1,2.0,5,0.0,0,1.0,1.0,0,0,4.0,0,0.0,False,False,0.013250652765235871,False,0.00868858522528296,False,0.03352785899861732,False,0.0,False,0.0,False,0.0,False,0.3052439866293978,False,0.21654348544850616,False,0.3817120174591153,GMean_RF_Pred,GMean_RF_Pred,False,0.0
4,3,0,4,21,4,1,3,3,0.5555555560000001,206,0.333333333,0,0.5,0.45833333299999995,1,1,49.0,21,5.75,False,True,0.5062436420555416,False,0.4058452318036985,False,0.10259179252368184,False,0.4,True,0.6,False,0.3,True,0.5350076601107421,False,0.3980665327571821,False,0.4890216875144507,GMean_RF_Pred,GMean_RF_Pred,False,0.004317255906737148
6,2,0,6,9,13,4,4,5,0.8,28,1.0,0,0.9090909090000001,0.4,0,0,3.5,1,0.5,False,False,0.07286505622364528,False,0.07605338930929595,False,0.11634270264101565,False,0.1,False,0.0,False,0.4,False,0.4942758748038161,False,0.4939132844702276,False,0.4980369893814461,GMean_RF_Pred,GMean_RF_Pred,False,0.0
6,1,0,3,6,15,2,1,6,2.0,6,0.0,0,0.0,0.916666667,0,0,0.0,1,1.0,False,False,0.08900380420089782,False,0.3819247962250385,False,0.047740086549762466,False,0.02,False,0.1,False,0.1,False,0.4914747133253784,True,0.5681753087207705,True,0.5375616915180506,GMean_RF_Pred,GMean_RF_Pred,False,0.002056354718166578
8,2,0,9,39,8,0,9,5,0.5,288,1.0,0,0.6315789470000001,0.375,1,1,34.75,7,2.25,False,False,0.4674143207601971,False,0.4566537076629287,False,0.476216921993289,True,0.6,True,0.6,True,0.7,False,0.4992458385825558,True,0.5098250409829447,True,0.5044805364471119,GMean_RF_Pred,GMean_RF_Pred,True,1.0
4,1,0,0,12,6,0,0,4,2.0,50,0.0,0,0.0,0.5,0,0,11.5,2,1.0,False,False,0.4366893023617636,False,0.0960551567880893,False,0.10372796563938412,False,0.1,False,0.0,False,0.2,False,0.495452161275611,False,0.4893510999580628,False,0.4890835502647763,GMean_RF_Pred,GMean_RF_Pred,False,0.0
3,2,0,2,6,3,0,2,1,2.0,12,0.0,0,0.7142857140000001,0.666666667,1,2,3.0,1,0.6667,False,False,0.05843374327773415,False,0.044542958060204016,False,0.06994850256934851,False,0.0,False,0.0,False,0.0,False,0.4885836547258848,False,0.4560902502314916,False,0.43389137996424776,GMean_RF_Pred,GMean_RF_Pred,False,0.0
6,1,0,8,30,0,0,8,4,0.333333333,163,1.0,1,0.0,0.4166666670000001,0,0,25.66666667,2,1.3333,False,False,0.4849791988030665,False,0.14092057402836974,False,0.12597176710352387,True,0.7,False,0.5,False,0.4,True,0.5079756453437551,True,0.5047828641566081,True,0.5019277305001586,GMean_RF_Pred,GMean_RF_Pred,False,0.0036126339370676514
32,1,39,65,56,418,54,14,31,0.913978495,405,0.916666667,7,0.0,0.175,1,1,11.28125,4,1.3438,True,True,0.5692263812563283,True,0.5841833708509018,True,0.9975840603161172,True,0.7,False,0.3,True,0.6,False,0.4657250534819352,False,0.4374744166949711,False,0.45063690312114596,GMean_RF_Pred,GMean_RF_Pred,True,0.9965293354212085
15,2,0,28,83,25,7,23,13,0.735294118,1221,0.9411764709999999,1,0.697674419,0.251851852,1,2,79.26666667,18,2.2,True,True,0.5895299435218916,True,0.5938653053895623,False,0.2877157449086591,True,0.6,True,0.6,False,0.5,True,0.5189153692045415,False,0.4806778102668625,False,0.4912954427887805,GMean_RF_Pred,GMean_RF_Pred,False,0.002958981499302218
6,4,0,6,14,0,2,4,5,0.9,239,1.0,0,0.75,0.375,1,3,38.5,10,3.0,True,False,0.036353514266345255,False,0.38215842907339975,False,0.4672020961232573,False,0.2,False,0.4,True,0.8,False,0.32438324952349745,False,0.3281409844147051,True,0.5044805364471119,GMean_RF_Pred,GMean_RF_Pred,True,0.9962189724134821
1,1,0,5,1,0,4,1,1,2.0,1,0.0,0,0.0,1.0,0,0,0.0,1,1.0,False,False,0.07252148224757378,False,0.0363981373375394,False,0.03170805061438646,False,0.0,False,0.0,False,0.0,False,0.4858798076406775,False,0.20626476116391765,False,0.3508767611029366,GMean_RF_Pred,GMean_RF_Pred,False,0.0
4,2,0,7,17,0,1,6,3,0.166666667,94,1.0,1,0.666666667,0.5,0,0,22.0,1,0.5,False,False,0.4351217262977321,False,0.09148457854927818,False,0.1011298775347151,False,0.4,False,0.3,False,0.1,False,0.4986964766409268,False,0.4985310837688083,False,0.4890835502647763,GMean_RF_Pred,GMean_RF_Pred,False,0.0
5,2,0,9,10,10,5,6,5,2.0,53,0.0,0,0.9090909090000001,0.4,1,1,9.6,1,0.6,False,False,0.08171111789851808,False,0.08733820003025812,False,0.12112138635437154,False,0.0,False,0.0,False,0.0,False,0.4900549919872295,False,0.4940670495403889,False,0.4981178388361513,GMean_RF_Pred,GMean_RF_Pred,False,0.0
7,1,0,3,9,11,3,0,7,0.611111111,43,1.0,0,0.0,0.523809524,0,0,4.714285714,1,0.8571,False,False,0.4381931390941836,False,0.091875566174962,False,0.10474204786529284,False,0.5,False,0.4,False,0.4,True,0.5014515405620701,False,0.4901441495666669,False,0.4942743816465394,GMean_RF_Pred,GMean_RF_Pred,False,0.0
5,1,1,3,6,10,1,2,5,2.0,13,0.0,0,0.0,0.48,0,0,1.6,1,0.8,True,False,0.08967425143565358,False,0.4179660373559793,False,0.4553974990846196,False,0.42,False,0.5,True,0.6,False,0.4914747133253784,False,0.4901441495666669,False,0.4982370587082342,GMean_RF_Pred,GMean_RF_Pred,True,0.9949813016301071
5,2,0,14,31,10,0,14,5,2.0,239,0.0,0,0.692307692,0.44,0,0,46.8,1,0.8,True,True,0.5216462727376113,False,0.16645182946558082,False,0.4533483559466591,True,0.9,True,1.0,True,1.0,True,0.5053995394971621,True,0.5020290437022106,True,0.5048847897816051,GMean_RF_Pred,GMean_RF_Pred,True,0.9999999999999999
2,2,0,2,4,1,0,2,2,2.0,10,0.0,0,0.8888888890000001,0.666666667,0,0,4.0,1,0.5,False,False,0.06077081568707629,False,0.04894745037740381,False,0.069389027172284,False,0.0,False,0.0,False,0.0,False,0.4851031411297848,False,0.44542938191646897,False,0.44523605395839055,GMean_RF_Pred,GMean_RF_Pred,False,0.0
16,1,0,11,52,112,11,0,12,0.826666667,854,0.533333333,0,0.0,0.226666667,0,0,51.4375,18,4.5625,False,True,0.5244084773348748,True,0.5581458617072134,False,0.29197720065772764,False,0.3,True,0.7,False,0.4,False,0.4904044005555022,False,0.4922385910102623,False,0.4912954427887805,GMean_RF_Pred,GMean_RF_Pred,False,0.0014117538863827063
8,2,0,7,41,2,0,7,6,0.6,425,0.8,0,0.6315789470000001,0.325,1,2,51.5,6,1.875,False,True,0.5678217671691758,True,0.5187123574956946,False,0.4906533120975803,True,0.9,True,0.7,False,0.2,True,0.5049933329316922,True,0.518770906643674,True,0.5039770792941828,GMean_RF_Pred,GMean_RF_Pred,False,0.00501270725554794
40,1,0,19,78,0,3,16,39,0.025641026,208,1.0,1,0.0,0.105128205,0,0,4.175,1,0.95,True,True,0.9285858520937204,True,0.9067148368881872,True,0.6085285410630831,True,0.7,False,0.5,True,0.9,True,0.6256126470991026,False,0.4731126373634726,True,0.6294161904320829,GMean_RF_Pred,GMean_RF_Pred,True,0.9977639079108047
3,1,0,2,3,3,1,2,3,2.0,3,0.0,0,0.0,0.5555555560000001,0,0,0.0,1,1.0,False,False,0.17321572779441385,False,0.06988248487038473,False,0.08872608652398996,False,0.26964285714285713,False,0.4,False,0.3,False,0.4914747133253784,False,0.4564990790378763,False,0.4920574500715514,GMean_RF_Pred,GMean_RF_Pred,False,0.0
1,1,0,2,1,0,2,0,1,2.0,1,0.0,0,0.0,1.0,0,0,0.0,1,1.0,False,False,0.07252148224757378,False,0.0363981373375394,False,0.03297478555917307,False,0.0,False,0.0,False,0.0,False,0.4858798076406775,False,0.20626476116391765,False,0.35706654229234513,GMean_RF_Pred,GMean_RF_Pred,False,0.0
5,2,0,6,11,8,4,4,5,0.875,37,0.5,0,0.9090909090000001,0.4,0,0,6.0,1,0.6,True,False,0.07409798906979337,False,0.4136497276144327,False,0.4560181072285786,False,0.2,False,0.5,True,1.0,False,0.4926365510057703,False,0.4965590284313936,False,0.4981178388361513,GMean_RF_Pred,GMean_RF_Pred,True,0.994978003022559
3,1,0,6,3,3,6,0,3,2.0,3,0.0,0,0.0,0.666666667,0,0,0.0,1,1.0,False,False,0.17321572779441385,False,0.06075147311027535,False,0.06474809094046295,False,0.26964285714285713,False,0.0,False,0.2,False,0.4914747133253784,False,0.4211181242387204,False,0.4343161846062725,GMean_RF_Pred,GMean_RF_Pred,False,0.0
5,1,0,15,5,10,11,4,5,2.0,5,0.0,0,0.0,0.68,0,0,0.0,1,1.0,True,False,0.08499768734098358,False,0.06381002024513292,False,0.062172393427079725,False,0.02,False,0.0,False,0.3,False,0.4914747133253784,False,0.4680600524844628,False,0.4372245817230959,GMean_RF_Pred,GMean_RF_Pred,False,0.0
4,1,0,9,14,6,9,0,3,2.0,66,0.0,0,0.0,0.4166666670000001,0,0,15.5,5,1.75,True,False,0.4262852262420942,False,0.09288812324346876,False,0.09785228767467637,True,0.7,False,0.1,False,0.2,False,0.4934571556323295,False,0.4991572845675469,False,0.495621156575377,Accuracy_RF_Pred,Accuracy_RF_Pred,True,0.7741083237526093
2,2,0,2,5,1,1,1,1,2.0,11,0.0,0,0.9411764709999999,0.833333333,1,2,4.5,1,0.5,False,False,0.06400423623543085,False,0.041144303892977435,False,0.05007962120725451,False,0.3,False,0.0,False,0.0,False,0.4931967325216146,False,0.453617210388933,False,0.459562498422787,GMean_RF_Pred,GMean_RF_Pred,False,0.0
3,1,0,6,3,3,6,0,3,2.0,3,0.0,0,0.0,0.666666667,0,0,0.0,1,1.0,False,False,0.15916027372469413,False,0.0614536017527827,False,0.06609579972951976,False,0.2549603174603175,False,0.0,False,0.2,False,0.4935655837845686,False,0.4860978634193789,False,0.4688405083894946,GMean_RF_Pred,GMean_RF_Pred,False,0.0
12,1,0,4,12,66,4,0,12,2.0,12,0.0,0,0.0,0.583333333,0,0,0.0,1,1.0,False,False,0.12003079940015805,False,0.4283728395498332,False,0.1099922637384092,False,0.4,False,0.2,False,0.2,True,0.5055313019636504,False,0.4950779203295198,False,0.4892756615673304,GMean_RF_Pred,GMean_RF_Pred,False,0.0
3,1,0,25,4,3,25,0,3,1.4375,23,0.0,2,0.0,0.5,0,0,4.0,2,1.0,False,False,0.08174614780306715,False,0.07701168829476185,False,0.07256681339208887,False,0.14607142857142855,False,0.2,False,0.5,False,0.4883688976823433,False,0.4873623571705983,False,0.4867358593786178,GMean_RF_Pred,GMean_RF_Pred,False,0.0
3,2,0,2,6,3,0,2,1,2.0,12,0.0,0,0.7142857140000001,0.666666667,1,2,3.0,1,0.6667,False,False,0.06110781219835348,False,0.04688700227240032,False,0.0686512391111422,False,0.0,False,0.0,False,0.0,False,0.4926521788264819,False,0.46401690413112795,False,0.4718682416062029,GMean_RF_Pred,GMean_RF_Pred,False,0.0
5,2,0,9,10,10,5,6,5,2.0,53,0.0,0,0.9090909090000001,0.4,1,1,9.6,1,0.6,False,False,0.08413393132658388,False,0.08832077291680646,False,0.10985690425934808,False,0.0,False,0.0,False,0.0,False,0.4920319309093005,False,0.4955958519489876,True,0.5000609380520176,GMean_RF_Pred,GMean_RF_Pred,False,3.342010587922435e-06
12,1,0,2,25,0,1,1,12,0.436363636,253,1.0,0,0.0,0.39583333299999995,0,0,19.66666667,3,1.3333,False,False,0.16187633893599093,False,0.4894837319063758,False,0.4852153457561173,False,0.4,True,0.7,True,0.6,True,0.5032785709626754,True,0.5085386066731998,True,0.5002672417398955,GMean_RF_Pred,GMean_RF_Pred,True,0.9999942662588751
4,1,0,8,4,6,8,0,4,2.0,4,0.0,0,0.0,1.0,0,0,0.0,1,1.0,False,False,0.2460811050751198,False,0.043417541041869116,False,0.3710158425065079,True,0.5549999999999999,False,0.5,False,0.3,False,0.4935655837845686,False,0.4951913953227906,False,0.3654069210616097,GMean_RF_Pred,GMean_RF_Pred,False,5.742535851810132e-06
6,1,0,5,34,0,1,4,6,0.4,211,1.0,1,0.0,0.5,0,0,33.5,2,1.1667,False,True,0.5033865630263289,False,0.4831875577562052,False,0.4355343134677487,False,0.3,True,0.6,False,0.3,False,0.4968155897461495,False,0.493844540968648,False,0.4947391815555829,GMean_RF_Pred,GMean_RF_Pred,False,5.540048157005994e-06
14,1,0,7,33,47,1,6,9,0.721153846,344,1.0,0,0.0,0.384615385,0,0,23.0,9,2.5714,True,False,0.4938130759352695,False,0.4647018661236318,False,0.4827555643525038,True,0.8,True,0.8,True,0.7,False,0.4999573500688895,False,0.4998198692198687,True,0.5045652852080139,GMean_RF_Pred,GMean_RF_Pred,True,0.9999962383651997
5,5,0,28,7,0,25,3,5,0.6875,45,1.0,0,0.8235294120000001,0.5,0,0,7.2,1,0.6,False,False,0.01926599676753145,False,0.023196107792174046,False,0.07742188923259759,False,0.2,False,0.2,True,0.9,False,0.31433299194486125,False,0.3235752669606765,False,0.49249730959779203,GMean_RF_Pred,GMean_RF_Pred,True,0.9999815989397494
3,2,1,16,13,3,11,5,3,2.0,74,0.0,0,0.666666667,0.444444444,0,0,23.66666667,1,0.3333,False,False,0.4436803684258365,False,0.4315052045847319,False,0.4311292889073694,False,0.4,False,0.3,False,0.4,False,0.4972674554041826,True,0.5064348553680754,True,0.5033066953246431,GMean_RF_Pred,GMean_RF_Pred,False,7.120056081642757e-06
10,1,9,26,11,31,19,8,10,0.7777777779999999,54,1.0,1,0.0,0.271428571,0,0,4.0,1,0.9,True,False,0.11927462881383465,False,0.12883932110343954,True,0.8547198630139875,False,0.3,False,0.5,False,0.5,True,0.5028317153998676,True,0.5224822562571259,True,0.514403964664228,GMean_RF_Pred,GMean_RF_Pred,False,7.114122641216424e-06
2,2,0,2,3,1,0,2,2,2.0,6,0.0,0,0.8,0.666666667,0,0,2.0,1,0.5,False,False,0.05942165976838287,False,0.04831221794211108,False,0.06882503841731141,False,0.13333333333333333,False,0.1,False,0.0,False,0.4906453252906585,False,0.4950083907748377,False,0.4814636553899708,GMean_RF_Pred,GMean_RF_Pred,False,0.0
5,2,0,5,10,8,0,5,5,0.75,31,0.0,0,0.692307692,0.44,0,0,5.0,1,0.8,True,False,0.0693534858001649,False,0.40773563011855296,False,0.44263544401721705,True,0.7,False,0.3,True,1.0,True,0.5021282204526193,True,0.5053628513446058,True,0.5059535510156931,GMean_RF_Pred,GMean_RF_Pred,True,0.9999944442363302
4,2,0,4,18,0,1,3,2,0.5555555560000001,128,0.333333333,0,0.571428571,0.45,0,0,30.25,7,2.25,True,False,0.4234862309426755,False,0.4168900117362389,False,0.4330726509632027,True,0.7,True,0.7,True,0.9,False,0.4907961773189979,False,0.4966889769318917,True,0.5039022723255061,GMean_RF_Pred,GMean_RF_Pred,True,0.9999962417612687
6,2,0,14,38,1,1,13,5,0.6,297,1.0,1,0.642857143,0.36111111100000004,0,0,47.66666667,5,1.6667,True,True,0.5099637003720362,False,0.4884356609789319,False,0.4560897064711008,True,0.7,False,0.5,True,0.9,False,0.4907838243830401,True,0.5143490936719972,True,0.5028273573854609,GMean_RF_Pred,GMean_RF_Pred,True,0.9999944411790306
1,1,0,6,1,0,2,4,1,2.0,1,0.0,0,0.0,1.0,0,0,0.0,1,1.0,False,False,0.06984616353725343,False,0.03819997844533428,False,0.036135125354269104,False,0.0,False,0.0,False,0.0,False,0.4882648573417516,False,0.3099817596100086,False,0.3691599859665811,GMean_RF_Pred,GMean_RF_Pred,False,0.0
3,3,0,7,6,3,4,4,3,2.0,16,0.0,0,0.9722222220000001,0.533333333,1,1,4.333333333,1,0.3333,False,False,0.0438478744286536,False,0.043559599492624106,False,0.08458357757990957,False,0.0,False,0.0,False,0.0,False,0.3171061088243841,False,0.30683045104316997,False,0.4844755051167671,GMean_RF_Pred,GMean_RF_Pred,False,0.0
6,1,1,21,8,9,21,1,5,0.6,41,1.0,0,0.0,0.444444444,0,0,5.333333333,1,0.6667,False,False,0.10429942304853863,False,0.42800422181470427,False,0.4307908143265293,False,0.3,False,0.5,False,0.5,False,0.4945468435909819,True,0.5031822750907305,True,0.507893364246269,GMean_RF_Pred,GMean_RF_Pred,False,7.094532135580771e-06
20,1,1,7,31,110,2,5,19,0.8815789470000001,160,1.0,2,0.0,0.18125,0,0,6.6,2,1.05,True,False,0.22702842753156,False,0.1950079579343645,False,0.4916261210290185,True,0.8,False,0.5,False,0.2,False,0.4955107125753436,False,0.4993395170445635,True,0.5030079777093661,GMean_RF_Pred,GMean_RF_Pred,False,9.067320708501668e-06
44,1,1,44,86,946,1,43,44,1.0,344,1.0,1,0.0,0.064646465,0,0,6.772727272999999,1,0.9773,True,True,0.9426321407209428,True,0.9600916397876804,True,0.9582087000328112,True,0.7,True,0.8,True,0.9,True,0.6486316035353129,True,0.6319576940272673,True,0.5681465613931757,GMean_RF_Pred,GMean_RF_Pred,True,1.0
1,1,0,6,1,0,5,1,1,2.0,1,0.0,0,0.0,1.0,0,0,0.0,1,1.0,False,False,0.07249948128554486,False,0.04039081126549554,False,0.033377756988443766,False,0.0,False,0.0,False,0.1,False,0.4868100490189569,False,0.3153861668056654,False,0.3623215134100938,GMean_RF_Pred,GMean_RF_Pred,False,0.0
2,2,0,11,16,1,6,6,2,2.0,87,0.0,0,0.947368421,1.0,1,1,42.5,1,0.5,False,False,0.15071624192910146,False,0.07529667794630802,False,0.03471374483531087,False,0.1,False,0.2,False,0.2,False,0.3218487986218592,False,0.3177623146316151,False,0.3623215134100938,GMean_RF_Pred,GMean_RF_Pred,False,0.0
4,3,0,1,8,0,1,0,4,0.0,31,1.0,0,0.9189189190000001,0.666666667,2,9,6.5,1,0.75,False,False,0.05119290669766013,False,0.0456192876927671,False,0.07461601564962597,False,0.5,False,0.1,False,0.0,True,0.503558177021589,False,0.4744558311327417,False,0.4764355889944799,GMean_RF_Pred,GMean_RF_Pred,False,0.0
5,2,0,5,10,10,1,4,5,2.0,32,0.0,0,0.8620689659999999,0.666666667,0,0,5.4,1,0.8,False,False,0.07844760733669816,False,0.06527954512864001,False,0.0785998146903246,False,0.4,False,0.1,False,0.5,True,0.505979667746148,False,0.4745114008041401,False,0.4819837066689944,GMean_RF_Pred,GMean_RF_Pred,False,0.0
18,1,0,3,36,133,2,3,18,0.764705882,298,0.0,1,0.0,0.333333333,0,0,15.5,4,1.3889,False,False,0.2448426203948007,False,0.3080775154085092,False,0.4472595965516197,False,0.2,False,0.4,False,0.3,False,0.4954473128529228,False,0.4822135906751165,False,0.4914116506450881,GMean_RF_Pred,GMean_RF_Pred,False,0.0
5,1,0,2,6,0,2,0,4,0.4166666670000001,103,1.0,0,0.0,0.46666666700000003,0,0,19.0,3,1.4,False,False,0.1199377731278967,False,0.4391679843901469,False,0.10036563967637208,False,0.2,False,0.0,False,0.3,False,0.4875044073281946,False,0.4898613733971375,False,0.4891462558758274,GMean_RF_Pred,GMean_RF_Pred,False,0.0
3,1,0,3,11,3,1,2,2,2.0,41,0.0,0,0.0,0.666666667,0,0,12.66666667,2,1.0,False,False,0.09735739454422827,False,0.07415603846985026,False,0.06812994789688001,False,0.1,False,0.0,False,0.0,False,0.4934879550305401,False,0.4826142697319737,False,0.4799229083718303,GMean_RF_Pred,GMean_RF_Pred,False,0.0
4,1,0,1,7,0,1,0,4,0.333333333,23,1.0,0,0.0,0.625,0,0,4.5,1,0.75,False,False,0.09304275131077264,False,0.07581554379534458,False,0.07957667716712666,False,0.3,False,0.4,False,0.0,False,0.4931496995188582,False,0.4898613733971375,False,0.4946242294190007,GMean_RF_Pred,GMean_RF_Pred,False,0.0
13,1,6,17,33,48,12,6,12,0.8472222220000001,255,0.833333333,2,0.0,0.24175824199999998,0,0,18.15384615,7,1.4615,True,False,0.4979443814331463,False,0.4930254823191845,True,0.5244592208931892,False,0.5,False,0.5,True,0.8,False,0.4978441117862348,True,0.5047631947414488,False,0.476848557547416,GMean_RF_Pred,GMean_RF_Pred,True,0.9999898955631776
10,1,1,12,46,0,1,11,7,0.814814815,357,0.5,1,0.0,0.42222222200000004,0,0,34.1,2,1.1,True,True,0.5485458131089006,False,0.4969384988662751,False,0.4690251360970965,False,0.5,True,0.6,True,0.8,False,0.4948625693517253,True,0.5008259312406947,True,0.5034887109011226,GMean_RF_Pred,GMean_RF_Pred,True,0.9999960134299414
22,3,0,12,84,177,0,12,20,0.9285714290000001,565,1.0,0,0.637931034,0.30909090899999997,1,1,24.13636364,5,1.1364,False,False,0.4670353007912528,True,0.5055637026086895,True,0.8741659279443555,False,0.3,False,0.0,False,0.3,False,0.47268815796431296,False,0.4032644388151255,True,0.5019425441519806,GMean_RF_Pred,GMean_RF_Pred,False,2.2702904951364795e-06
3,2,0,4,7,3,0,4,3,2.0,18,0.0,0,0.7142857140000001,0.5,0,0,5.0,1,0.6667,False,False,0.06891567029560831,False,0.06854475687160479,False,0.09328879594466287,False,0.3,False,0.0,False,0.0,False,0.4857773425727709,False,0.4890778918056084,False,0.4913029377376694,GMean_RF_Pred,GMean_RF_Pred,False,0.0
2,1,0,4,2,1,2,2,2,2.0,2,0.0,0,0.0,0.666666667,0,0,0.0,1,1.0,False,False,0.2424087345856097,False,0.06157935862908399,False,0.06593614292946191,True,0.5266666666666666,False,0.2,False,0.3,False,0.4934972783508628,False,0.3182822229916861,False,0.4799229083718303,GMean_RF_Pred,GMean_RF_Pred,False,3.82870787904601e-06
5,2,0,11,18,10,4,9,5,2.0,130,0.0,0,0.9090909090000001,0.4,1,1,25.0,1,0.6,True,False,0.4538908924714432,False,0.4517516868312783,False,0.4438332035790395,True,1.0,True,1.0,True,1.0,True,0.5021113036244439,True,0.5001274074970862,True,0.5000226803804271,GMean_RF_Pred,GMean_RF_Pred,True,0.9999999999999999
2,1,0,1,10,1,0,1,2,2.0,42,0.0,0,0.0,0.75,0,0,20.0,4,2.0,False,False,0.09274550350764073,False,0.40413339817804,False,0.059870094468337125,False,0.5,False,0.3,False,0.0,False,0.4929949341622653,False,0.4888434023993448,False,0.4580008388763604,GMean_RF_Pred,GMean_RF_Pred,False,0.0
6,1,1,5,17,3,3,2,5,0.4,121,1.0,0,0.0,0.38888888899999996,0,0,18.83333333,5,1.8333,True,False,0.4441190328196489,False,0.4446660374159382,False,0.4554624765131767,False,0.3,False,0.4,True,0.7,False,0.4991101380639149,True,0.5131009023726921,True,0.5001313974687792,GMean_RF_Pred,GMean_RF_Pred,True,0.9999921699435507
6,2,0,18,48,13,0,18,5,0.8,325,1.0,1,0.642857143,0.35714285700000004,0,0,52.0,1,0.8333,True,True,0.5802761913058373,False,0.17343954699660147,False,0.1259613248166889,True,0.8,False,0.4,False,0.4,True,0.501330476701925,True,0.512023897191616,True,0.5007801399332659,GMean_RF_Pred,GMean_RF_Pred,False,8.77577466783069e-06
3,1,0,5,3,3,5,0,3,2.0,3,0.0,0,0.0,1.0,0,0,0.0,1,1.0,False,False,0.16286169449103124,False,0.3777892209345489,False,0.037681421685411706,False,0.28086080586080586,False,0.5,False,0.3,False,0.4934972783508628,False,0.4927176922055476,False,0.3590986982371732,GMean_RF_Pred,GMean_RF_Pred,False,0.0
5,2,0,8,13,0,4,6,5,0.25,62,1.0,0,0.9090909090000001,0.433333333,0,0,11.2,1,0.6,False,False,0.4246687976941904,False,0.0915376803495182,False,0.10543754428578564,False,0.5,False,0.3,False,0.5,False,0.4960528143007703,False,0.4989179228848245,True,0.5031131974616686,GMean_RF_Pred,GMean_RF_Pred,False,2.2691887017068086e-06
30,1,0,10,60,435,0,10,30,2.0,133,0.0,0,0.0,0.133333333,0,0,3.433333333,1,0.9667,False,True,0.8989116676294401,True,0.9336733180969212,True,0.9424438194907584,True,0.9,True,1.0,True,0.9,True,0.5239912961551735,True,0.6040209957766259,True,0.5481584875397955,GMean_RF_Pred,GMean_RF_Pred,True,0.9999999999999999
9,1,0,3,29,30,1,2,4,1.0,465,0.75,0,0.0,0.236111111,0,0,50.22222222,17,5.1111,True,False,0.2455828973114523,True,0.5221673342270716,False,0.4784970497240292,False,0.3,False,0.2,True,0.7,False,0.4131632720662166,False,0.4891834965954718,True,0.5066278788774451,GMean_RF_Pred,GMean_RF_Pred,True,0.9999896479292019
9,1,2,26,45,10,2,24,8,0.8,374,0.4,2,0.0,0.365079365,0,0,40.0,1,0.8889,True,True,0.5708140218185315,False,0.19020380781246235,True,0.5133904326130464,False,0.4,True,0.6,True,0.7,True,0.501909637043185,False,0.4868686121107099,True,0.5007801399332659,GMean_RF_Pred,GMean_RF_Pred,True,0.9999934849495624
5,1,0,32,5,10,32,0,5,2.0,5,0.0,0,0.0,0.666666667,0,0,0.0,1,1.0,False,False,0.2551269182849337,False,0.4039314638724776,False,0.04411351827475635,False,0.3666666666666665,True,0.8,False,0.3,False,0.4959187180965356,False,0.4949916854931834,False,0.4517118113460459,GMean_RF_Pred,GMean_RF_Pred,False,3.841716332851262e-06
5,2,0,17,38,0,4,15,5,0.4166666670000001,310,1.0,1,0.9090909090000001,0.46666666700000003,0,0,60.4,1,0.6,False,False,0.2752905992449898,False,0.1814697310555473,False,0.10327894964650207,True,1.0,True,0.6,False,0.1,True,0.5112208177440134,True,0.5017354702291438,False,0.485134352876499,GMean_RF_Pred,GMean_RF_Pred,False,7.567607148753822e-06
4,2,0,8,12,6,4,6,4,2.0,43,0.0,0,0.9375,0.4166666670000001,1,1,9.75,1,0.5,False,False,0.07976389376016739,False,0.08671531238698654,False,0.10946228634673544,False,0.1,False,0.1,False,0.06666666666666668,False,0.4959305197142507,False,0.4904954527074641,False,0.4961457972433502,GMean_RF_Pred,GMean_RF_Pred,False,0.0
4,1,0,2,12,6,2,0,3,1.0,437,0.0,0,0.0,0.375,0,0,106.25,63,23.0,False,False,0.4384661557824841,True,0.9432873294875938,False,0.45259494869858,True,0.6,True,0.7,True,0.8666666666666668,True,0.6525026550373498,True,0.5104366694981988,True,0.5019562436693089,GMean_RF_Pred,GMean_RF_Pred,True,0.9999999999999999
6,1,0,7,20,9,7,0,4,0.7,185,0.25,0,0.0,0.4,0,0,29.16666667,6,2.0,False,False,0.4822381507711609,False,0.4811929872829717,False,0.4450459400973121,False,0.3,False,0.2,False,0.1,False,0.4999376090380702,True,0.5008310792648135,True,0.5038973327155484,GMean_RF_Pred,GMean_RF_Pred,False,3.450909238022466e-06
5,2,0,10,11,10,6,6,5,2.0,31,0.0,0,0.9090909090000001,0.4,1,2,5.2,1,0.6,False,False,0.0744335492976948,False,0.08401061927837981,False,0.11266845761059945,False,0.4,False,0.1,False,0.0,False,0.4985961181829121,False,0.4960720096275479,False,0.4986729781168986,GMean_RF_Pred,GMean_RF_Pred,False,0.0
5,2,0,11,18,10,4,9,5,2.0,129,0.0,0,0.9090909090000001,0.4,1,1,24.8,1,0.6,True,False,0.4533864374560157,False,0.4508914954879889,False,0.44902068092864095,True,1.0,True,0.9,True,1.0,False,0.49894705319082,True,0.5020415282024796,False,0.4986729781168986,GMean_RF_Pred,GMean_RF_Pred,True,0.9999983696166903
2,1,0,5,2,1,5,1,2,2.0,2,0.0,0,0.0,0.75,0,0,0.0,1,1.0,False,False,0.24023678763766484,False,0.0551068647254308,False,0.05411823112230707,False,0.175,False,0.1,False,0.1,False,0.493697865017836,False,0.32223190374950345,False,0.4653828433407253,GMean_RF_Pred,GMean_RF_Pred,False,0.0
11,2,0,9,44,27,0,9,6,0.728571429,559,1.0,0,0.545454545,0.28571428600000004,1,1,49.18181818,5,1.9091,False,True,0.5797771537203898,False,0.19509579225605667,False,0.1615701163270433,True,0.9,True,0.7,True,0.7,True,0.5169994351509003,True,0.5028176090145943,True,0.5100007139907644,GMean_RF_Pred,GMean_RF_Pred,True,0.9999999999999999
10,3,0,7,20,3,5,2,10,0.5555555560000001,86,1.0,0,0.833333333,0.38,1,4,7.4,1,0.6,False,False,0.06754737197797492,False,0.07600630482128788,False,0.4719341398033551,False,0.3,False,0.2,False,0.5,False,0.4900787981322776,True,0.5013943321045956,False,0.4986729781168986,GMean_RF_Pred,GMean_RF_Pred,False,1.8130424556594183e-06
5,2,0,27,35,0,13,15,5,0.25,319,1.0,1,0.818181818,0.5,1,1,62.6,1,0.8,True,False,0.30370338075495096,False,0.18193359249263155,False,0.08552854377982047,True,0.9,True,0.6,False,0.2,True,0.5142261730603186,True,0.5017354702291438,False,0.4953718656352527,GMean_RF_Pred,GMean_RF_Pred,False,7.557414339176953e-06
9,5,0,33,19,0,28,5,9,0.625,204,1.0,0,0.7777777779999999,0.355555556,0,0,21.11111111,1,0.4444,False,False,0.042014508974195126,False,0.05060593921928201,False,0.11265150516941175,False,0.2,False,0.4,False,0.3,False,0.320849361363838,False,0.3258612556229544,False,0.4718334564889922,GMean_RF_Pred,GMean_RF_Pred,False,0.0
4,2,0,7,24,0,1,6,2,0.333333333,126,1.0,1,0.571428571,0.541666667,0,0,30.25,2,1.0,False,False,0.11536772914338073,False,0.4311829893580549,False,0.08953403421022844,False,0.1,False,0.2,False,0.2,False,0.4909287373351615,False,0.497022116750159,False,0.4966491336919395,GMean_RF_Pred,GMean_RF_Pred,False,0.0
1,1,0,5,1,0,4,1,1,2.0,1,0.0,0,0.0,1.0,0,0,0.0,1,1.0,False,False,0.06981174492450018,False,0.03673362673116223,False,0.031853590572659685,False,0.0,False,0.0,False,0.0,False,0.4828206260411113,False,0.3137073745016651,False,0.3696762174533919,GMean_RF_Pred,GMean_RF_Pred,False,0.0
4,2,0,9,16,2,0,9,4,0.666666667,67,0.0,1,0.727272727,0.4375,1,1,15.5,1,0.75,True,False,0.08713725241099246,False,0.09215744031805724,False,0.4449612690730689,False,0.0,False,0.1,False,0.4,False,0.4963442795863552,True,0.5017455218378585,True,0.5019562436693089,GMean_RF_Pred,GMean_RF_Pred,False,3.456650237039538e-06
6,1,4,12,18,7,4,8,3,0.666666667,99,1.0,1,0.0,0.4166666670000001,0,0,15.0,4,1.8333,False,False,0.4438382115962981,False,0.11489469328023445,True,0.8344179479563899,False,0.5,False,0.5,False,0.2,True,0.5041529254976813,True,0.5085158689749517,False,0.4912444937519471,GMean_RF_Pred,GMean_RF_Pred,False,1.8206787579829412e-06
0,1,0,1,0,0,1,0,0,2.0,2,0.0,0,0.0,0.0,0,0,0.0,0,0.0,False,False,0.18507668708812366,False,0.13245058868898682,True,0.5184003888229473,True,0.5016666666666667,False,0.1,True,0.9,False,0.49605455874559706,False,0.34797546579277233,True,0.5157316828937426,GMean_RF_Pred,GMean_RF_Pred,True,0.999995350649437
10,1,0,15,81,9,0,15,5,0.747474747,659,0.727272727,3,0.0,0.44,0,0,63.8,3,1.2,True,True,0.8970719148664132,False,0.4271160209401976,False,0.4579550546410312,True,0.8,True,1.0,True,0.8,False,0.4366155862157252,True,0.5052277170510036,True,0.5044833875847377,GMean_RF_Pred,GMean_RF_Pred,True,1.0
3,1,0,9,3,3,8,1,3,2.0,3,0.0,0,0.0,0.666666667,0,0,0.0,1,1.0,False,False,0.16091483855890498,False,0.06417120957125805,False,0.06276902417198034,False,0.3919932844932845,False,0.1,False,0.1,False,0.493697865017836,False,0.490142782154178,False,0.4699625931428462,GMean_RF_Pred,GMean_RF_Pred,False,0.0
4,1,0,6,4,6,6,0,4,2.0,4,0.0,0,0.0,0.5,0,0,0.0,1,1.0,False,False,0.2484956425995548,False,0.08294882931000318,False,0.09182584169517824,True,0.5208333333333333,False,0.3,False,0.0,False,0.493697865017836,False,0.4989766469221066,False,0.4840140011568246,GMean_RF_Pred,GMean_RF_Pred,False,2.9257172202061356e-06
5,1,3,6,6,0,5,1,4,0.625,30,1.0,1,0.0,0.46666666700000003,0,0,4.6,2,1.0,False,False,0.09448474586456868,False,0.09358857391455827,False,0.4165058796576585,False,0.2,False,0.0,False,0.0,False,0.4897997462814858,False,0.4892428734931142,False,0.4777153672133478,GMean_RF_Pred,GMean_RF_Pred,False,0.0
2,1,0,4,5,1,1,3,2,2.0,20,0.0,0,0.0,0.5,0,0,9.0,4,2.0,False,False,0.08218604908332268,False,0.4247721060346494,False,0.4268176772334602,False,0.5,False,0.4,True,0.7,False,0.4854491361292253,False,0.4973279960170237,True,0.5032820567670708,GMean_RF_Pred,GMean_RF_Pred,True,0.999992427736691
3,2,0,3,6,3,0,3,3,2.0,17,0.0,0,0.967741935,0.533333333,0,0,4.666666667,1,0.3333,False,False,0.06877743667085562,False,0.06542134614687449,False,0.09177174482308977,False,0.0,False,0.0,False,0.0,False,0.31888684182646426,False,0.30791786885815525,False,0.489820490337469,GMean_RF_Pred,GMean_RF_Pred,False,0.0
25,1,0,13,59,300,1,12,25,2.0,220,0.0,0,0.0,0.16,0,0,7.8,2,1.0,True,False,0.4304609373554849,True,0.5560356378275695,True,0.5615014358741998,True,0.7,True,0.6,False,0.5,True,0.5106418930636524,True,0.5231126719027613,True,0.5110499716296981,GMean_RF_Pred,GMean_RF_Pred,False,9.194075631321075e-06
10,1,0,3,40,39,0,3,4,0.962962963,470,1.0,0,0.0,0.38888888899999996,0,0,45.7,8,2.3,False,True,0.5932611400745215,False,0.4988018507701226,False,0.12432176023138505,False,0.2,False,0.5,False,0.5,True,0.500420181946975,True,0.5014643677224698,True,0.5053873057343702,GMean_RF_Pred,GMean_RF_Pred,False,2.5657665485313745e-06
3,2,0,3,6,3,0,3,3,2.0,17,0.0,0,0.967741935,0.533333333,0,0,4.666666667,1,0.3333,False,False,0.07528155041715158,False,0.0702964938308226,False,0.08608959902255993,False,0.0,False,0.0,False,0.1,False,0.28187287210126016,False,0.3066928442521434,False,0.4912737225034471,GMean_RF_Pred,GMean_RF_Pred,False,0.0
9,2,0,18,44,6,4,14,9,0.7638888890000001,415,1.0,1,0.529411765,0.25,0,0,44.11111111,2,1.0,True,True,0.5383275123802216,True,0.5220809198664647,False,0.4852823169711431,True,0.8,False,0.2,False,0.5,False,0.4987581454896656,True,0.5040955913734104,True,0.521219256950454,GMean_RF_Pred,GMean_RF_Pred,False,4.8031794803015955e-06
3,2,0,5,6,3,4,3,3,2.0,17,0.0,0,0.967741935,0.533333333,0,0,4.666666667,1,0.3333,False,False,0.07528155041715158,False,0.0702964938308226,False,0.07954604748476153,False,0.0,False,0.0,False,0.0,False,0.28187287210126016,False,0.3066928442521434,False,0.4840232275754344,GMean_RF_Pred,GMean_RF_Pred,False,0.0
15,1,0,17,28,29,9,10,15,0.69047619,371,0.833333333,0,0.0,0.177777778,0,0,23.33333333,7,1.8667,False,False,0.19536849002184686,False,0.19802905638819104,True,0.5789480345512811,True,0.9,True,0.6,False,0.5,True,0.5072912861701248,True,0.5080484103086512,True,0.5142464100816359,GMean_RF_Pred,GMean_RF_Pred,False,6.968530267161845e-06
7,3,0,13,31,9,0,13,5,0.5,298,1.0,0,0.625,0.428571429,0,0,41.28571429,1,0.8571,True,False,0.10303973749108702,False,0.4322100183498481,False,0.4466638211648102,False,0.2,False,0.2,True,0.9,False,0.4931482422458361,False,0.49048920617970504,True,0.5068898449803729,GMean_RF_Pred,GMean_RF_Pred,True,0.9999942621396226
7,1,0,8,20,11,0,8,6,0.5,91,0.333333333,0,0.0,0.5,0,0,11.57142857,2,1.1429,False,False,0.4431116456080664,False,0.09814237838550732,False,0.10465009775536116,False,0.2,False,0.2,False,0.4,False,0.4897201824113222,False,0.4932879861275021,False,0.4948851658597744,GMean_RF_Pred,GMean_RF_Pred,False,0.0
5,2,0,8,12,0,4,6,5,0.25,54,1.0,0,0.9090909090000001,0.433333333,0,0,9.6,1,0.6,False,False,0.08932102121087128,False,0.09186471346346983,False,0.10100322348816627,False,0.5,False,0.1,False,0.3,False,0.4952540989910282,True,0.5001989517841879,False,0.4996352314770684,GMean_RF_Pred,GMean_RF_Pred,False,1.3355912353238097e-06
19,1,2,25,22,129,22,4,19,0.916666667,130,1.0,2,0.0,0.203007519,0,0,5.315789474,3,1.0526,True,False,0.20681995388244773,True,0.5415990877456541,True,0.5084873457220925,False,0.2,False,0.5,True,0.6,False,0.4866520374475621,True,0.5073264197655003,False,0.4787664817597278,GMean_RF_Pred,GMean_RF_Pred,True,0.9999943709290096
12,3,0,8,30,64,1,7,11,1.0,93,1.0,0,0.920454545,0.606060606,1,2,6.583333333,1,0.5833,False,False,0.4053354776092432,False,0.06125436743644596,False,0.11008139210438024,False,0.3,False,0.2,False,0.2,False,0.4943875149105157,False,0.4550180129021252,False,0.4679221618615777,GMean_RF_Pred,GMean_RF_Pred,False,0.0
5,1,0,3,19,2,0,3,3,0.666666667,157,1.0,1,0.0,0.333333333,0,0,29.8,3,1.0,False,False,0.1429766973628352,False,0.4676071706364755,False,0.1196067165018133,False,0.2,True,0.7,False,0.3,False,0.4932643825900546,True,0.5070394381874134,False,0.4973174030182082,GMean_RF_Pred,GMean_RF_Pred,False,3.4851621318529656e-06
3,2,0,2,6,3,0,2,1,2.0,12,0.0,0,0.7142857140000001,0.666666667,1,2,3.0,1,0.6667,False,False,0.06339151198090638,False,0.047317010274705085,False,0.06628802070000725,False,0.0,False,0.0,False,0.1,False,0.48757630715737604,False,0.4729953668464469,False,0.4655256434948358,GMean_RF_Pred,GMean_RF_Pred,False,0.0
6,2,0,8,20,15,0,8,5,1.0,88,0.0,0,0.705882353,0.4166666670000001,1,2,13.5,2,1.0,False,False,0.08956095658735104,False,0.4244965365539058,False,0.4464878034301989,False,0.2,True,0.7,True,0.9,False,0.4949655887200882,True,0.5095199774543718,True,0.5068898449803729,GMean_RF_Pred,GMean_RF_Pred,True,0.9999977523404361
0,1,0,5,0,0,5,0,0,2.0,60,0.0,0,0.0,0.0,0,0,0.0,0,0.0,True,False,0.07060866891677413,False,0.4434810969813083,False,0.4756459739239531,False,0.0,False,0.0,False,0.2,False,0.3552232894506981,True,0.5041653605253394,False,0.34146661234688663,FMeasure_Ada_Pred,FMeasure_Ada_Pred,True,0.7524005346733024
1,1,0,3,1,0,2,1,1,2.0,1,0.0,0,0.0,1.0,0,0,0.0,1,1.0,False,False,0.06770673498956024,False,0.03490641041402905,False,0.034774982936033434,False,0.0,False,0.0,False,0.0,False,0.3941807949134674,False,0.3093515852351311,False,0.3733121745958993,GMean_RF_Pred,GMean_RF_Pred,False,0.0
5,3,0,14,36,8,0,14,5,0.75,322,1.0,0,0.7142857140000001,0.44,1,1,63.2,1,0.8,True,False,0.4942689439043978,False,0.140212770938858,False,0.4408623694693989,True,0.6,False,0.5,True,1.0,True,0.5061520759295081,True,0.5187312822596309,True,0.5068898449803729,GMean_RF_Pred,GMean_RF_Pred,True,0.9999978495038304
4,1,0,15,4,6,14,1,4,1.333333333,14,0.0,0,0.0,0.55,0,0,0.0,1,1.0,True,False,0.0774038072344929,False,0.4033859251773548,False,0.06619526404101603,False,0.045,False,0.1,False,0.1,False,0.4911414309557429,False,0.4945195898744439,False,0.4984831473260062,GMean_RF_Pred,GMean_RF_Pred,False,0.0
5,1,0,10,39,10,1,9,2,0.75,344,0.0,0,0.0,0.3,0,0,67.6,4,1.4,True,True,0.7561196124485985,True,0.5575294460647086,False,0.12059589462976568,False,0.5,False,0.4,False,0.5,True,0.5045397170678559,True,0.5211724712796966,False,0.4982896500893534,GMean_RF_Pred,GMean_RF_Pred,False,1.3344541801571728e-06
1,1,0,2,1,0,2,0,0,2.0,352,0.0,0,0.0,0.0,0,0,276.0,0,0.0,True,True,0.999734056612006,True,0.9988751967671268,False,0.4836134553094778,True,0.7,False,0.5,True,0.6,True,0.5327962825632436,True,0.5156844175300904,True,0.5268179535153852,GMean_RF_Pred,GMean_RF_Pred,True,0.9999978513552396
3,2,0,2,14,0,1,1,3,0.0,42,1.0,0,0.666666667,0.5555555560000001,0,0,12.66666667,1,0.6667,False,False,0.0768025823968733,False,0.07026094561218743,False,0.08149612171615532,False,0.2,False,0.1,False,0.1,False,0.4964367042507612,False,0.4923780297648197,False,0.4946372402691534,GMean_RF_Pred,GMean_RF_Pred,False,0.0
1,1,0,5,1,0,4,1,1,2.0,1,0.0,0,0.0,1.0,0,0,0.0,1,1.0,False,False,0.06770673498956024,False,0.03490641041402905,False,0.03315712297223398,False,0.0,False,0.0,False,0.0,False,0.3941807949134674,False,0.3093515852351311,False,0.36654823578613377,GMean_RF_Pred,GMean_RF_Pred,False,0.0
2,2,0,2,4,1,0,2,2,2.0,10,0.0,0,0.8888888890000001,0.666666667,0,0,4.0,1,0.5,False,False,0.06714363204756196,False,0.05469334526112817,False,0.06657471147790532,False,0.0,False,0.0,False,0.0,False,0.4820056101185192,False,0.4732017519872961,False,0.4778744250264198,GMean_RF_Pred,GMean_RF_Pred,False,0.0
2,1,0,8,2,1,7,1,2,2.0,7,0.0,0,0.0,0.625,0,0,0.0,1,1.0,True,False,0.07048753380986343,False,0.3917423118344869,False,0.0614702312718351,False,0.0,False,0.1,False,0.0,False,0.3941807949134674,False,0.4912491955832326,False,0.4672393949609438,GMean_RF_Pred,GMean_RF_Pred,False,0.0
62,1,0,42,165,1423,3,39,48,0.827512473,1691,0.608695652,7,0.0,0.135483871,0,0,25.90322581,6,1.3226,True,True,0.9835246618056788,True,0.9940267483956636,True,0.9685265810434291,False,0.2,True,0.7,True,0.8,True,0.6602302348792471,True,0.6095162375328556,True,0.6603226079839027,GMean_RF_Pred,GMean_RF_Pred,True,0.9999982279754968
3,5,0,2,6,3,1,1,3,1.5,17,1.0,0,1.0,0.7777777779999999,0,0,4.333333333,0,0.0,False,False,0.022057383317767132,False,0.01773981418536523,False,0.053435575994657473,False,0.0,False,0.0,False,0.0,False,0.18531268589857072,False,0.19655337219620905,False,0.3517458730848851,GMean_RF_Pred,GMean_RF_Pred,False,0.0
3,3,0,9,14,3,4,6,3,2.0,48,0.0,0,0.9722222220000001,0.533333333,2,2,15.0,3,1.0,False,False,0.05266881906665075,False,0.05407175982134036,False,0.08034677791054957,False,0.0,False,0.0,False,0.0,False,0.3149163538312835,False,0.4605548628268309,False,0.479810897511874,GMean_RF_Pred,GMean_RF_Pred,False,0.0
5,2,0,11,18,10,4,9,5,2.0,130,0.0,0,0.9090909090000001,0.4,1,1,25.0,1,0.6,True,False,0.4553174214457002,False,0.4533468876912685,False,0.44195670389275454,True,1.0,True,1.0,True,1.0,False,0.4995675299102175,True,0.5000550574973541,False,0.4982733724013535,GMean_RF_Pred,GMean_RF_Pred,True,0.9999990454706473
4,1,0,1,25,6,0,1,2,2.0,145,0.0,0,0.0,0.875,0,0,35.25,2,1.0,False,False,0.1695535107473993,False,0.08610434675918066,False,0.04566118481092482,False,0.4,False,0.1,False,0.1,False,0.4986147161781125,False,0.34952621753820257,False,0.3592329386986581,GMean_RF_Pred,GMean_RF_Pred,False,0.0
1,1,0,2,1,0,2,0,0,2.0,211,0.0,0,0.0,0.0,0,0,168.0,0,0.0,True,True,0.9985402827620974,True,0.9933013354363384,False,0.4990113967024084,True,0.7,True,0.6,True,0.6,True,0.5121719330025273,True,0.5416061108541419,True,0.5109902161931429,GMean_RF_Pred,GMean_RF_Pred,True,1.0
4,2,0,8,12,6,4,6,4,2.0,67,0.0,0,0.9375,0.4166666670000001,1,1,15.75,1,0.5,False,False,0.09404745760851553,False,0.09506290203726853,False,0.10238201784494066,False,0.2,True,0.6,False,0.0,False,0.4915310461706348,False,0.4920775304335623,False,0.4947082830759235,GMean_RF_Pred,GMean_RF_Pred,False,1.684793044193363e-06
5,2,0,9,10,10,5,6,5,2.0,39,0.0,0,0.9090909090000001,0.4,1,2,6.8,1,0.6,False,False,0.07626401980469429,False,0.08314376561477732,False,0.10721590003733496,False,0.2,False,0.3,False,0.1,False,0.4915310461706348,False,0.4957173992093808,False,0.4982733724013535,GMean_RF_Pred,GMean_RF_Pred,False,0.0
3,1,0,9,3,3,6,3,3,2.0,3,0.0,0,0.0,0.933333333,0,0,0.0,1,1.0,True,False,0.11998891127630032,False,0.03753583094766549,False,0.03630816546674793,False,0.16956349206349206,False,0.0,False,0.0,False,0.4892412631744801,False,0.21864286370290972,False,0.3469791792853153,GMean_RF_Pred,GMean_RF_Pred,False,0.0
3,1,0,4,8,1,3,1,0,0.5,45,1.0,0,0.0,0.5,0,0,13.66666667,2,0.6667,False,False,0.10505924088318656,False,0.08339778560467513,False,0.08393514739318624,False,0.1,False,0.1,False,0.0,False,0.484546607772728,False,0.4927547688705848,False,0.4828597419589473,GMean_RF_Pred,GMean_RF_Pred,False,0.0
5,2,1,9,24,4,2,7,3,0.25,124,1.0,1,0.571428571,0.457142857,0,0,23.6,2,0.8,False,False,0.10747969942638007,False,0.09742328139074996,False,0.11084140666881263,False,0.4,False,0.0,False,0.4,False,0.49788286757486105,False,0.4917237509085826,False,0.4925162079495674,GMean_RF_Pred,GMean_RF_Pred,False,0.0
4,3,0,7,26,6,1,6,2,1.0,132,0.0,0,0.7777777779999999,0.583333333,2,2,31.75,4,1.25,False,False,0.4160256630253997,False,0.06846526277961866,False,0.07731005115546054,False,0.4,False,0.1,False,0.26666666666666666,False,0.4956408034033303,False,0.4822824714927341,False,0.497595534302293,GMean_RF_Pred,GMean_RF_Pred,False,0.0
3,1,0,3,3,3,2,1,3,2.0,3,0.0,0,0.0,0.833333333,0,0,0.0,1,1.0,False,False,0.11998891127630032,False,0.04368336961471448,False,0.047290233009079086,False,0.16956349206349206,False,0.0,False,0.2,False,0.4892412631744801,False,0.21864286370290972,False,0.3517458730848851,GMean_RF_Pred,GMean_RF_Pred,False,0.0
3,1,0,2,13,1,2,0,2,0.5,95,1.0,0,0.0,0.5,0,0,30.33333333,4,1.3333,True,False,0.4744101420788838,False,0.11193225588545888,False,0.08697403262666653,False,0.4,False,0.2,False,0.06666666666666668,False,0.48954697300228106,False,0.4875030408408253,False,0.4896257553733805,GMean_RF_Pred,GMean_RF_Pred,False,0.0
3,5,0,38,6,3,37,1,3,1.5,17,1.0,0,1.0,0.7777777779999999,0,0,4.333333333,0,0.0,False,False,0.022057383317767132,False,0.01773981418536523,False,0.028805554626076164,False,0.0,False,0.0,False,0.2,False,0.18531268589857072,False,0.19655337219620905,False,0.3189600802970455,GMean_RF_Pred,GMean_RF_Pred,False,0.0
28,1,0,11,54,24,3,8,28,0.6790123459999999,198,0.0,3,0.0,0.17857142899999998,0,0,5.964285714,2,1.0357,True,True,0.525409538378026,True,0.6961371997486611,True,0.8972148291162046,True,0.7,True,0.7,True,0.6,True,0.5091994807855738,True,0.5128630110129261,False,0.4986625545899898,GMean_RF_Pred,GMean_RF_Pred,True,0.9999990426509606
4,1,0,6,18,0,0,6,4,0.333333333,74,0.0,1,0.0,0.5,0,0,17.0,3,1.25,False,False,0.10457144701265086,False,0.09547339541651564,False,0.09355290846866864,False,0.2,False,0.0,False,0.0,False,0.4954552212595432,False,0.4833412568825495,False,0.4886324442177983,GMean_RF_Pred,GMean_RF_Pred,False,0.0
3,1,0,5,12,0,0,5,3,0.875,61,0.75,1,0.0,0.5555555560000001,0,0,18.0,4,1.6667,True,False,0.09746725079986997,False,0.08436178818923164,False,0.08189635258237181,False,0.2,False,0.2,False,0.0,False,0.4875602177832615,False,0.4754482658223901,False,0.4894273750259601,GMean_RF_Pred,GMean_RF_Pred,False,0.0
28,1,3,8,55,0,3,5,28,0.0,162,1.0,1,0.0,0.17857142899999998,0,0,4.75,1,0.9643,True,True,0.5254405330593698,True,0.6991479913752029,True,0.9260134875802408,False,0.3,True,0.7,True,0.7,True,0.5127986138495979,True,0.5226909357019592,False,0.488900355287727,GMean_RF_Pred,GMean_RF_Pred,True,0.999997276076408
1,1,0,6,2,0,6,0,1,2.0,6,0.0,0,0.0,1.0,0,0,3.0,0,0.0,False,False,0.16717328573416712,False,0.03579508897209518,False,0.029188103336007912,False,0.17833333333333332,False,0.1,False,0.0,False,0.4935550462653772,False,0.3594839398970036,False,0.35337435645960497,GMean_RF_Pred,GMean_RF_Pred,False,0.0
6,2,0,9,15,11,3,8,5,0.8,73,1.0,0,0.9090909090000001,0.4,0,0,10.83333333,4,1.0,True,False,0.4121414999033058,False,0.0808833251996811,False,0.11216752967375447,False,0.0,False,0.1,True,0.7,False,0.4902485321566785,False,0.4858774198562563,True,0.5035159101247715,GMean_RF_Pred,GMean_RF_Pred,True,0.9999955041270204
2,2,2,6,6,1,2,4,1,2.0,19,0.0,0,0.9,0.75,0,0,8.5,2,1.0,False,False,0.06304574669854056,False,0.04412644774662527,False,0.40134254940834624,False,0.1,False,0.0,False,0.1,False,0.4775810315232701,False,0.3414789676928548,False,0.3618626907382488,GMean_RF_Pred,GMean_RF_Pred,False,0.0
18,2,0,4,36,0,1,3,13,0.79144385,375,0.545454545,5,0.375,0.22689075600000005,1,2,19.22222222,1,0.8333,False,False,0.20116131256843686,False,0.4972560388447116,True,0.5991592703251872,False,0.3,True,0.8,True,0.6,False,0.4998741253122542,True,0.5243784526401943,True,0.5029586391459671,GMean_RF_Pred,GMean_RF_Pred,True,0.9999982329122232
4,2,0,6,7,6,4,4,4,2.0,20,0.0,0,0.9375,0.4166666670000001,0,0,4.0,1,0.5,False,False,0.0656655709582576,False,0.07235995536014993,False,0.10573644353142103,True,0.6,True,0.6,False,0.06666666666666668,False,0.489865637851215,False,0.493512122776692,False,0.4933800771193109,GMean_RF_Pred,GMean_RF_Pred,False,2.797404978846943e-06
6,2,0,6,9,13,4,4,5,0.8,28,1.0,0,0.9090909090000001,0.4,0,0,3.5,1,0.5,False,False,0.07154328733943473,False,0.07593179725023914,False,0.1139417263386054,False,0.2,False,0.1,False,0.4,False,0.4944588206033971,False,0.4974101988061767,False,0.4991678999154904,GMean_RF_Pred,GMean_RF_Pred,False,0.0
3,2,0,4,8,3,1,3,3,2.0,23,0.0,0,0.984615385,0.5,1,1,6.666666667,1,0.3333,False,False,0.07039779041832163,False,0.06700551451047708,False,0.09587481099555184,False,0.0,False,0.0,False,0.0,False,0.3170310939182209,False,0.3094187108272265,False,0.4889628515785267,GMean_RF_Pred,GMean_RF_Pred,False,0.0
7,2,0,16,36,9,4,14,5,0.604166667,271,0.875,3,0.857142857,0.326530612,1,1,36.57142857,1,0.7143,False,True,0.5094352078284176,False,0.1755548940365522,False,0.13078638271499582,True,0.9,False,0.5,False,0.1,False,0.4994008048746092,False,0.4986454497528622,False,0.4938623956083042,GMean_RF_Pred,GMean_RF_Pred,False,1.4353326926777996e-06
7,2,5,16,23,9,5,11,6,0.5,163,1.0,0,0.857142857,0.387755102,1,1,22.14285714,1,0.7143,False,False,0.1230498961803358,False,0.4608218725931987,True,0.8727811925307921,False,0.5,True,0.6,True,0.9,False,0.4971848330358098,True,0.5056723622457613,False,0.4928088628804237,GMean_RF_Pred,GMean_RF_Pred,True,0.9999977999340446
0,1,0,16,0,0,16,0,0,2.0,0,0.0,0,0.0,0.0,0,0,0.0,0,0.0,False,False,0.2426366950913065,False,0.12318147110390015,False,0.4751373216459948,False,0.31666666666666665,False,0.5,True,0.9,False,0.4944933880123384,False,0.3795664706899571,False,0.489146099356271,GMean_RF_Pred,GMean_RF_Pred,True,0.9999956078245144
3,1,0,4,3,3,2,2,3,2.0,3,0.0,0,0.0,0.5555555560000001,0,0,0.0,1,1.0,False,False,0.1186892851227443,False,0.06656342848881049,False,0.08426507177891612,False,0.2132936507936508,False,0.1,False,0.0,False,0.490826633440496,False,0.4934177814543234,False,0.4889628515785267,GMean_RF_Pred,GMean_RF_Pred,False,0.0
24,1,0,2,36,0,1,1,21,0.508152174,1008,0.6875,0,0.0,0.3125,0,0,40.33333333,7,1.5,False,True,0.5615243413367287,True,0.6147686896629444,True,0.5218593611609227,False,0.0,False,0.2,False,0.1,True,0.5043017064988358,False,0.4910898053600343,False,0.4840670152391797,GMean_RF_Pred,GMean_RF_Pred,False,0.0
3,2,0,3,6,3,0,3,3,2.0,17,0.0,0,0.967741935,0.533333333,0,0,4.666666667,1,0.3333,False,False,0.0660264542415144,False,0.060637721445689075,False,0.09267754071909487,False,0.0,False,0.0,False,0.0,False,0.31506807276107696,False,0.3094187108272265,False,0.4889628515785267,GMean_RF_Pred,GMean_RF_Pred,False,0.0
6,1,0,7,24,0,1,6,6,0.4,91,1.0,1,0.0,0.45833333299999995,0,0,13.83333333,2,1.0,False,False,0.1160980844259082,False,0.11392258911000415,False,0.11212110273612463,False,0.1,False,0.2,False,0.1,False,0.4893618536921805,False,0.4892833110532556,False,0.4924687405611447,GMean_RF_Pred,GMean_RF_Pred,False,0.0
9,2,0,9,26,24,1,9,5,0.85,119,1.0,2,0.529411765,0.296296296,0,0,11.66666667,2,1.0,True,False,0.0895881192114457,False,0.4316968507591607,False,0.15155210581950007,False,0.5,False,0.5,False,0.4,False,0.4893618536921805,False,0.4994951193662324,False,0.4999474551422547,GMean_RF_Pred,GMean_RF_Pred,False,0.0
40,1,0,73,40,780,63,16,40,2.0,40,0.0,0,0.0,0.1875,0,0,0.0,1,1.0,True,True,0.9195011821975462,True,0.8926315130917498,True,0.7566169210808863,True,0.7,True,0.6,True,0.9,True,0.6712431376376273,False,0.4877856634379818,True,0.5990802105061999,GMean_RF_Pred,GMean_RF_Pred,True,0.999999165240052
6,3,0,7,12,0,1,6,6,0.0,98,1.0,2,0.736842105,0.5277777779999999,0,0,15.0,1,0.8333,True,False,0.05644682783770692,False,0.060199165217358075,False,0.09946115453793393,False,0.4,False,0.0,False,0.0,False,0.4865544730407878,False,0.480006500561464,False,0.4920272556998746,GMean_RF_Pred,GMean_RF_Pred,False,0.0
4,1,0,1,16,0,1,0,4,0.444444444,77,1.0,0,0.0,0.625,0,0,17.5,2,1.25,False,False,0.11367446444827685,False,0.09354420197113393,False,0.0784487848517422,False,0.5,False,0.0,False,0.0,False,0.4980684974131965,False,0.4809096730936212,False,0.4848162260444354,GMean_RF_Pred,GMean_RF_Pred,False,0.0
17,1,0,5,17,136,3,2,17,2.0,17,0.0,0,0.0,0.21008403399999998,0,0,0.0,1,1.0,True,False,0.15474423160187964,False,0.17381363768507016,False,0.3687740670586126,False,0.5,True,0.7,False,0.3,False,0.4996249412723281,False,0.4994815869008939,False,0.4926505683307216,FMeasure_RF_Pred,FMeasure_RF_Pred,True,0.8834562075501391
15,4,0,22,89,51,1,22,11,0.826530612,776,0.857142857,1,0.8478260870000001,0.373333333,2,2,49.8,5,1.4667,False,False,0.3221792126653415,False,0.16938621758263164,True,0.5097446294215551,True,0.8,True,0.7,False,0.5,False,0.4715462667436754,False,0.4774539925245794,False,0.4878688749453432,GMean_RF_Pred,GMean_RF_Pred,False,2.7996247377154562e-06
0,1,0,67,0,0,64,4,0,2.0,0,0.0,0,0.0,0.0,0,0,0.0,0,0.0,False,False,0.2426366950913065,False,0.12318147110390015,False,0.44909764128322055,False,0.31666666666666665,False,0.5,True,0.9,False,0.4944933880123384,False,0.3795664706899571,False,0.4445134142527473,GMean_RF_Pred,GMean_RF_Pred,True,0.9999955983912924
4,1,0,6,10,6,1,5,4,2.0,34,0.0,0,0.0,0.5,0,0,7.5,1,0.75,False,False,0.09487858903451296,False,0.08978773135598737,False,0.09853468564491626,False,0.2,False,0.2,False,0.0,False,0.4934595536019466,False,0.4898008398759813,False,0.4889628515785267,GMean_RF_Pred,GMean_RF_Pred,False,0.0
5,2,0,9,13,8,4,7,5,0.75,41,1.0,0,0.9090909090000001,0.4,0,0,7.0,1,0.6,True,False,0.07380172713729781,False,0.4163506883490449,False,0.4451295025238678,False,0.2,False,0.4,True,1.0,False,0.4943042493264099,False,0.4943948343423689,False,0.4991678999154904,GMean_RF_Pred,GMean_RF_Pred,True,0.9999955957992672
25,1,0,54,25,300,47,7,25,2.0,25,0.0,0,0.0,0.24,0,0,0.0,1,1.0,True,True,0.7310350310755941,True,0.5094108038768456,True,0.7470394170375158,True,0.6,True,0.7,False,0.3,False,0.4933001176448677,True,0.5344268895675475,False,0.4644030269130507,GMean_RF_Pred,GMean_RF_Pred,False,3.6316883646296233e-06
3,1,0,6,3,3,2,4,3,1.5,5,0.0,0,0.0,0.583333333,0,0,0.0,1,1.0,True,False,0.1186892851227443,False,0.3975544605976984,False,0.07998369483212489,False,0.2132936507936508,False,0.3,False,0.0,False,0.490826633440496,False,0.4889363434198104,False,0.4848162260444354,GMean_RF_Pred,GMean_RF_Pred,False,0.0
7,1,0,2,14,0,0,2,7,0.4166666670000001,63,1.0,0,0.0,0.857142857,0,0,7.714285714,1,0.8571,False,False,0.10785003555745183,False,0.3988048956290139,False,0.3908452923587632,False,0.5,False,0.3,False,0.0,False,0.4981377214130442,False,0.4892166503395939,False,0.4676831525684214,GMean_RF_Pred,GMean_RF_Pred,False,0.0
