dit,noc,cbo,rfc,lcom,ca,ce,npm,lcom3,loc,dam,moa,mfa,cam,ic,cbm,amc,max_cc,avg_cc,buggy,PredictedTechnique,DSF_Prediction,DSF_Pred_Prob
2,0,5,9,1,1,4,1,2.0,49,0.0,0,0.909090909,0.75,1,1,23.5,1,0.5,True,Accuracy_Voting_Pred,False,0.3530721252865713
1,0,1,3,3,1,0,3,2.0,3,0.0,0,0.0,1.0,0,0,0.0,1,1.0,False,Accuracy_Voting_Pred,False,0.012715304470691366
2,0,8,17,78,0,8,13,2.0,49,0.0,0,0.5862068970000001,1.0,1,3,2.769230769,1,0.9231,False,Accuracy_Voting_Pred,False,0.10729378715143406
2,0,5,7,1,1,4,1,2.0,17,0.0,0,0.909090909,0.75,1,2,7.5,1,0.5,False,Accuracy_Voting_Pred,False,0.02163799944921281
1,0,10,23,253,2,8,23,2.0,23,0.0,0,0.0,0.255434783,0,0,0.0,1,1.0,False,Accuracy_Voting_Pred,False,0.2363923793088049
1,0,3,18,26,3,0,13,0.75,134,1.0,0,0.0,0.512820513,0,0,8.923076923,1,0.8462,False,Accuracy_Voting_Pred,False,0.02300085937585064
1,0,8,45,0,4,5,10,0.651515152,234,1.0,1,0.0,0.309090909,0,0,18.0,3,1.5833,True,Accuracy_Voting_Pred,False,0.0378480590731925
1,0,23,48,274,22,1,23,0.8769841270000001,459,1.0,0,0.0,0.310344828,0,0,14.51724138,3,1.1724,False,Accuracy_Voting_Pred,False,0.2495602668274541
2,0,8,14,3,1,7,3,2.0,55,0.0,0,0.75,0.5555555560000001,0,0,17.33333333,2,1.0,False,Accuracy_Voting_Pred,False,0.016527770748099392
2,0,8,17,78,0,8,13,2.0,49,0.0,0,0.5862068970000001,1.0,1,3,2.769230769,1,0.9231,False,Accuracy_Voting_Pred,False,0.10729378715143406
2,0,7,6,1,6,1,2,2.0,16,0.0,0,0.923076923,1.0,0,0,7.0,1,0.5,False,Accuracy_Voting_Pred,False,0.006387309382788864
1,0,16,53,8,1,15,2,1.232758621,364,1.0,0,0.0,0.52,0,0,66.0,8,3.2,False,Accuracy_Voting_Pred,False,0.3751371977990536
1,0,59,45,221,55,5,27,0.91958042,333,0.727272727,3,0.0,0.16296296300000002,1,1,10.92592593,7,1.2963,False,Accuracy_Voting_Pred,False,0.3430286817342589
1,15,17,5,1,15,2,3,0.5,17,1.0,0,0.0,0.666666667,0,0,4.333333333,1,0.6667,False,Accuracy_Voting_Pred,False,0.01936030019265695
1,0,23,94,126,0,23,11,0.885964912,771,1.0,5,0.0,0.20242915,0,0,37.25,9,2.5,True,Accuracy_Voting_Pred,False,0.35680864133895857
1,0,25,41,3,16,9,3,0.666666667,261,1.0,1,0.0,0.333333333,0,0,35.71428571,4,1.5714,False,Accuracy_Voting_Pred,False,0.04631760160419609
2,0,5,9,1,1,4,1,2.0,69,1.0,0,0.909090909,0.75,2,2,32.0,7,3.5,False,Accuracy_Voting_Pred,False,0.035903895783015304
2,0,23,61,6,1,22,2,0.761904762,413,1.0,1,0.7307692309999999,0.3,1,3,49.875,6,2.375,True,Accuracy_Voting_Pred,False,0.2836296254631924
1,0,4,1,0,2,2,1,2.0,1,0.0,0,0.0,1.0,0,0,0.0,1,1.0,False,Accuracy_Voting_Pred,False,0.013950377158745596
1,0,3,7,1,2,1,1,2.0,32,0.0,0,0.0,0.5,0,0,15.0,2,1.0,False,Accuracy_Voting_Pred,False,0.3568521832755031
2,0,8,14,3,1,7,3,2.0,55,0.0,0,0.75,0.5555555560000001,0,0,17.33333333,2,1.0,False,Accuracy_Voting_Pred,False,0.016527770748099392
1,0,6,18,21,3,3,10,0.666666667,174,1.0,0,0.0,0.533333333,0,0,16.0,19,2.7,False,Accuracy_Voting_Pred,False,0.02403550064875842
1,0,8,5,10,3,5,5,2.0,5,0.0,0,0.0,0.433333333,0,0,0.0,1,1.0,False,Accuracy_Voting_Pred,False,0.031067747320401407
1,0,4,14,0,1,3,2,0.0,78,1.0,0,0.0,0.666666667,0,0,37.5,3,1.5,False,Accuracy_Voting_Pred,False,0.021990646297494167
1,0,18,17,16,16,2,9,0.525,112,1.0,1,0.0,0.472222222,0,0,10.88888889,2,0.7778,False,Accuracy_Voting_Pred,False,0.025019883365663475
2,0,10,9,9,10,0,4,0.857142857,91,0.428571429,5,0.764705882,0.4,1,1,13.0,1,0.6667,False,Accuracy_Voting_Pred,False,0.04812600781175611
1,0,15,50,68,0,15,12,0.816666667,365,1.0,7,0.0,0.2,0,0,21.3125,4,1.4375,False,Accuracy_Voting_Pred,False,0.2926247447148139
2,0,11,43,1,0,11,2,1.0,243,1.0,1,0.75,0.44,2,2,37.83333333,4,1.8333,False,Accuracy_Voting_Pred,False,0.11810192664973689
2,0,31,8,6,30,1,3,0.875,79,0.333333333,5,0.8125,0.4166666670000001,1,1,13.6,1,0.6,False,Accuracy_Voting_Pred,False,0.042020865033500936
1,0,1,14,21,0,1,10,0.740740741,109,1.0,1,0.0,0.32,1,1,9.6,7,1.5,False,Accuracy_Voting_Pred,False,0.24104363699410605
1,0,0,2,0,0,0,1,2.0,7,0.0,0,0.0,1.0,0,0,3.0,0,0.0,False,Accuracy_Voting_Pred,False,0.059739417635579
1,0,2,2,1,2,0,2,2.0,2,0.0,0,0.0,0.875,0,0,0.0,1,1.0,False,Accuracy_Voting_Pred,False,0.014495135928828689
2,0,7,17,91,0,7,14,2.0,54,0.0,0,0.566666667,1.0,1,4,2.857142857,1,0.9286,False,Accuracy_Voting_Pred,False,0.05353191856681907
1,0,5,41,0,2,4,14,0.775,254,0.75,1,0.0,0.257142857,0,0,14.375,3,1.5625,True,Accuracy_Voting_Pred,False,0.03824760443157516
1,0,12,11,55,7,5,11,2.0,11,0.0,0,0.0,0.33766233799999995,0,0,0.0,1,1.0,False,Accuracy_Voting_Pred,False,0.3723831265737581
1,15,20,10,11,15,5,5,0.7777777779999999,39,1.0,2,0.0,0.476190476,0,0,4.1428571430000005,1,0.8571,False,Accuracy_Voting_Pred,False,0.029424114258059183
2,0,8,17,78,0,8,13,2.0,49,0.0,0,0.5862068970000001,1.0,1,3,2.769230769,1,0.9231,False,Accuracy_Voting_Pred,False,0.10729378715143406
2,0,5,7,1,1,4,1,2.0,17,0.0,0,0.909090909,0.75,1,2,7.5,1,0.5,False,Accuracy_Voting_Pred,False,0.02163799944921281
1,0,15,42,16,0,15,10,0.757575758,354,1.0,5,0.0,0.242424242,0,0,28.0,4,1.5,False,Accuracy_Voting_Pred,False,0.16239319898127716
2,0,5,7,1,1,4,1,2.0,17,0.0,0,0.909090909,0.75,1,2,7.5,1,0.5,False,Accuracy_Voting_Pred,False,0.02163799944921281
1,0,17,60,10,1,16,2,0.732142857,495,1.0,3,0.0,0.2875,0,0,59.875,3,1.25,False,Accuracy_Voting_Pred,False,0.4362117339106541
1,0,0,10,1,0,0,2,2.0,45,0.0,0,0.0,0.5,0,0,21.5,4,2.0,False,Accuracy_Voting_Pred,False,0.023702678436803005
1,6,39,76,182,8,31,4,0.95625,495,1.0,4,0.0,0.111111111,0,0,21.80952381,2,1.0952,False,Accuracy_Voting_Pred,False,0.4579156285776971
4,2,11,8,8,11,0,4,1.0,26,1.0,0,0.894736842,0.6,0,0,3.8,1,0.4,False,Accuracy_Voting_Pred,False,0.009145494302017264
4,0,15,43,0,1,14,2,0.666666667,402,1.0,0,0.996168582,0.5555555560000001,2,3,198.5,17,8.5,False,Accuracy_Voting_Pred,False,0.060045501120615435
2,0,5,9,1,1,4,1,2.0,29,0.0,0,0.909090909,0.75,1,2,13.5,1,0.5,False,Accuracy_Voting_Pred,False,0.02163799944921281
1,0,3,9,1,0,3,1,1.0,26,0.0,1,0.0,1.0,0,0,11.5,0,0.0,False,Accuracy_Voting_Pred,False,0.013710808964103736
2,0,8,17,78,0,8,13,2.0,49,0.0,0,0.5862068970000001,1.0,1,3,2.769230769,1,0.9231,False,Accuracy_Voting_Pred,False,0.10729378715143406
1,0,0,8,0,0,0,4,0.333333333,23,1.0,0,0.0,0.625,0,0,4.5,1,0.75,False,Accuracy_Voting_Pred,False,0.018667364033730784
2,0,8,14,3,1,7,3,2.0,54,0.0,0,0.75,0.5555555560000001,0,0,17.0,2,1.0,False,Accuracy_Voting_Pred,False,0.016527770748099392
2,0,9,19,78,0,9,13,2.0,57,0.0,0,0.5862068970000001,1.0,1,3,3.384615385,1,0.9231,False,Accuracy_Voting_Pred,False,0.1763752948565408
1,0,20,65,88,0,20,9,0.857142857,367,1.0,6,0.0,0.158974359,0,0,21.5,5,1.4375,False,Accuracy_Voting_Pred,False,0.33720342901048994
1,0,7,13,10,7,0,7,0.8,75,1.0,0,0.0,0.34375,0,0,7.75,2,0.875,True,Accuracy_Voting_Pred,False,0.026869758514949885
2,0,8,17,78,0,8,13,2.0,49,0.0,0,0.5862068970000001,1.0,1,3,2.769230769,1,0.9231,False,Accuracy_Voting_Pred,False,0.10729378715143406
1,0,0,2,0,0,0,1,2.0,77,0.0,0,0.0,1.0,0,0,3.0,0,0.0,False,Accuracy_Voting_Pred,False,0.059739417635579
5,0,16,6,3,15,1,2,1.5,16,1.0,0,1.0,0.666666667,0,0,4.0,0,0.0,False,Accuracy_Voting_Pred,False,0.00800162451670435
2,0,7,17,21,1,7,7,2.0,73,0.0,0,0.25,0.428571429,0,0,9.428571429,2,1.0,False,Accuracy_Voting_Pred,False,0.030464651281717693
1,0,14,46,260,10,4,28,0.89010989,443,1.0,3,0.0,0.183908046,1,1,13.82758621,8,1.4138,False,Accuracy_Voting_Pred,True,0.7210126551640511
2,0,9,14,3,2,7,3,2.0,67,0.0,0,0.75,0.5555555560000001,0,0,21.33333333,3,1.3333,False,Accuracy_Voting_Pred,False,0.017050037851545536
1,0,9,28,4,1,9,2,1.274509804,223,1.0,0,0.0,0.5,0,0,50.5,5,1.75,False,Accuracy_Voting_Pred,False,0.03753914313669417
2,0,8,15,3,1,7,3,2.0,63,0.0,0,0.75,0.5,0,0,20.0,2,1.0,False,Accuracy_Voting_Pred,False,0.017563520414138698
1,0,8,11,55,3,5,11,2.0,11,0.0,0,0.0,0.348484848,0,0,0.0,1,1.0,False,Accuracy_Voting_Pred,False,0.0386063979652784
1,0,0,2,0,0,0,1,2.0,38,0.0,0,0.0,1.0,0,0,3.0,0,0.0,True,Accuracy_Voting_Pred,False,0.059739417635579
1,0,2,12,31,2,0,10,0.86,64,1.0,0,0.0,0.681818182,0,0,4.363636364,1,0.8182,False,Accuracy_Voting_Pred,False,0.019140937327880032
2,0,32,14,11,31,1,4,0.857142857,129,0.28571428600000004,6,0.764705882,0.4,1,1,19.33333333,3,1.0,True,Accuracy_Voting_Pred,False,0.0876000654849835
1,0,21,35,95,17,5,17,0.909090909,235,1.0,3,0.0,0.180555556,1,1,11.44444444,7,1.3889,False,Accuracy_Voting_Pred,False,0.1584049594516562
2,0,8,17,78,0,8,13,2.0,49,0.0,0,0.5862068970000001,1.0,1,3,2.769230769,1,0.9231,False,Accuracy_Voting_Pred,False,0.07135710678375343
2,0,7,14,3,1,6,3,2.0,46,0.0,0,0.75,0.5,0,0,14.33333333,1,0.6667,False,Accuracy_Voting_Pred,False,0.02106055314445082
2,0,13,39,9,0,13,1,1.0625,366,1.0,4,0.705882353,0.533333333,1,1,47.85714286,4,1.5714,False,Accuracy_Voting_Pred,False,0.10281001371190984
1,0,18,49,51,1,17,4,1.076923077,350,1.0,1,0.0,0.4,0,0,28.45454545,3,1.4545,True,Accuracy_Voting_Pred,False,0.4282265696138192
1,0,40,60,492,38,6,25,0.8402777779999999,441,1.0,2,0.0,0.148648649,1,1,10.702702699999998,7,1.4865,True,Accuracy_Voting_Pred,True,0.6153744929715557
1,0,3,14,0,3,0,9,0.694444444,164,1.0,0,0.0,0.5,1,1,15.0,13,2.3,True,Accuracy_Voting_Pred,False,0.05110851744826064
4,0,13,49,276,0,13,24,1.043478261,189,1.0,0,0.629032258,0.25,0,0,6.833333333,1,0.9583,False,Accuracy_Voting_Pred,False,0.27903090293284194
1,0,6,15,0,1,5,3,0.666666667,68,1.0,1,0.0,0.5555555560000001,0,0,15.25,3,1.0,False,Accuracy_Voting_Pred,False,0.029109561012875887
2,0,4,10,1,0,4,2,2.0,30,0.0,0,0.666666667,0.75,0,0,14.0,2,1.0,False,Accuracy_Voting_Pred,False,0.014239118416162138
2,0,4,14,11,3,1,4,0.875,141,0.25,7,0.764705882,0.4,1,1,21.16666667,3,1.0,False,Accuracy_Voting_Pred,False,0.15673642312717065
2,0,8,14,3,1,7,3,2.0,52,0.0,0,0.75,0.5555555560000001,0,0,16.33333333,2,1.0,False,Accuracy_Voting_Pred,False,0.02114183827969197
2,0,5,13,1,1,4,1,2.0,76,0.0,0,0.909090909,0.75,2,2,37.0,5,2.5,False,Accuracy_Voting_Pred,False,0.03819643968431547
1,0,8,5,10,7,1,5,2.0,5,0.0,0,0.0,0.44,0,0,0.0,1,1.0,False,Accuracy_Voting_Pred,False,0.030209926220849795
2,0,9,19,78,0,9,13,2.0,81,0.0,0,0.5862068970000001,1.0,1,3,5.230769231,1,0.9231,True,Accuracy_Voting_Pred,False,0.02475621218318732
2,0,7,25,2,1,7,1,1.142857143,91,1.0,1,0.857142857,0.4166666670000001,1,1,20.0,1,0.5,False,Accuracy_Voting_Pred,False,0.04274983470071216
2,0,8,14,3,1,7,3,2.0,103,0.0,0,0.75,0.5555555560000001,0,0,33.33333333,5,2.0,False,Accuracy_Voting_Pred,False,0.02186147601789874
1,0,28,4,6,25,3,4,2.0,4,0.0,0,0.0,0.7,0,0,0.0,1,1.0,False,Accuracy_Voting_Pred,False,0.02057496705996952
2,0,8,12,1,0,8,2,1.0,59,1.0,0,0.833333333,1.0,0,0,25.0,1,0.5,False,Accuracy_Voting_Pred,False,0.010344114012361997
1,0,5,17,0,0,5,3,0.5,94,1.0,0,0.0,0.666666667,0,0,29.66666667,1,0.6667,False,Accuracy_Voting_Pred,False,0.022275399394121168
1,0,9,6,15,7,2,6,2.0,6,0.0,0,0.0,0.466666667,0,0,0.0,1,1.0,False,Accuracy_Voting_Pred,False,0.02996410865430092
1,0,7,5,10,5,2,5,2.0,5,0.0,0,0.0,0.44,0,0,0.0,1,1.0,False,Accuracy_Voting_Pred,False,0.03103710316095648
1,0,4,5,0,4,0,3,0.833333333,22,1.0,0,0.0,0.75,0,0,4.0,1,0.5,False,Accuracy_Voting_Pred,False,0.01604592147541703
2,0,2,14,11,1,1,4,0.666666667,81,0.666666667,2,0.764705882,0.4,1,1,12.0,3,1.0,False,Accuracy_Voting_Pred,False,0.04768338190254324
1,0,3,1,0,2,1,1,2.0,1,0.0,0,0.0,1.0,0,0,0.0,1,1.0,False,Accuracy_Voting_Pred,False,0.011685428656103216
1,0,2,13,3,2,0,1,2.0,90,0.0,0,0.0,0.444444444,0,0,29.0,6,2.6667,False,Accuracy_Voting_Pred,False,0.02697276915047388
2,0,12,25,66,6,12,12,2.0,110,0.0,0,0.153846154,0.297619048,0,0,8.166666667000001,1,0.9167,True,Accuracy_Voting_Pred,False,0.3957786051009699
2,0,10,20,36,4,10,9,2.0,77,0.0,0,0.2,0.301587302,0,0,7.555555556,1,0.8889,False,Accuracy_Voting_Pred,False,0.049912682071221334
2,0,8,14,3,1,7,3,2.0,55,0.0,0,0.75,0.5555555560000001,0,0,17.33333333,2,1.0,False,Accuracy_Voting_Pred,False,0.02114183827969197
1,0,27,62,457,25,6,28,0.844594595,454,1.0,2,0.0,0.15,1,1,10.73684211,7,1.4737,False,Accuracy_Voting_Pred,True,0.6105233061850567
1,0,3,13,4,3,0,9,0.625,90,1.0,0,0.0,0.7222222220000001,0,0,8.666666667000001,1,0.7778,False,Accuracy_Voting_Pred,False,0.017464226224127855
1,0,0,2,0,0,0,1,2.0,32,0.0,0,0.0,1.0,0,0,3.0,0,0.0,False,Accuracy_Voting_Pred,False,0.08501586490940316
1,0,7,16,6,7,0,8,0.708333333,104,1.0,0,0.0,0.311111111,1,1,10.22222222,5,1.2222,False,Accuracy_Voting_Pred,False,0.07165394258659638
2,0,8,19,91,0,8,14,2.0,86,0.0,0,0.566666667,1.0,1,4,5.1428571430000005,1,0.9286,False,Accuracy_Voting_Pred,False,0.02412236562331936
1,0,36,16,40,36,0,10,0.818181818,119,0.75,0,0.0,0.3,1,1,8.583333332999999,7,1.4167,False,Accuracy_Voting_Pred,False,0.245838531768042
2,0,9,19,78,0,9,13,2.0,81,0.0,0,0.5862068970000001,1.0,1,3,5.230769231,1,0.9231,True,Accuracy_Voting_Pred,False,0.02475621218318732
1,0,17,50,18,12,7,7,0.727272727,253,1.0,0,0.0,0.327272727,0,0,19.75,5,1.5833,False,Accuracy_Voting_Pred,False,0.21421268637977292
1,0,8,21,0,1,7,2,1.0,168,1.0,1,0.0,0.4,0,0,39.0,3,1.5,False,Accuracy_Voting_Pred,False,0.043805419698356635
1,0,2,7,3,2,0,5,0.8,35,1.0,0,0.0,0.5555555560000001,0,0,4.333333333,1,0.6667,False,Accuracy_Voting_Pred,False,0.022628583030116757
2,0,3,8,6,0,3,4,2.0,22,0.0,0,0.4,1.0,0,0,4.5,1,0.75,False,Accuracy_Voting_Pred,False,0.010568203803409813
1,0,13,33,13,0,13,4,1.0,226,0.9,1,0.0,0.425,0,0,18.63636364,1,0.8182,False,Accuracy_Voting_Pred,False,0.05293829608199231
2,0,18,41,7,1,17,2,0.666666667,216,1.0,0,0.791666667,0.3666666670000001,1,3,34.5,5,2.3333,False,Accuracy_Voting_Pred,False,0.10991328309069076
1,0,6,34,36,5,1,7,0.727272727,342,1.0,0,0.0,0.464285714,0,0,27.16666667,4,1.8333,False,Accuracy_Voting_Pred,False,0.03239078271435633
1,0,34,141,383,0,34,32,0.892156863,684,1.0,8,0.0,0.111111111,0,0,18.28571429,6,1.3714,True,Accuracy_Voting_Pred,True,0.8131757667923546
2,0,10,42,2,0,10,1,1.125,262,1.0,1,0.8,0.5625,1,1,49.0,6,1.6,True,Accuracy_Voting_Pred,False,0.04870194419274904
2,0,11,17,21,4,11,7,2.0,80,0.0,0,0.25,0.30952381,0,0,10.42857143,1,0.8571,False,Accuracy_Voting_Pred,False,0.049341326511073945
1,0,9,11,55,7,2,11,2.0,11,0.0,0,0.0,0.311688312,0,0,0.0,1,1.0,True,Accuracy_Voting_Pred,False,0.374376628265125
1,0,7,33,11,1,6,3,1.085714286,169,1.0,0,0.0,0.6,0,0,26.0,5,1.6667,False,Accuracy_Voting_Pred,False,0.02886543567231437
1,0,21,43,20,0,21,8,0.854166667,252,1.0,5,0.0,0.204545455,0,0,26.33333333,5,1.5556,False,Accuracy_Voting_Pred,False,0.2872501034262861
2,0,8,17,78,0,8,13,2.0,49,0.0,0,0.5862068970000001,1.0,1,3,2.769230769,1,0.9231,False,Accuracy_Voting_Pred,False,0.07135710678375343
3,0,3,19,1,0,3,2,2.0,91,1.0,0,0.961538462,1.0,1,2,44.0,5,2.5,False,Accuracy_Voting_Pred,False,0.013980425260178809
2,0,5,9,6,0,5,4,2.0,38,0.0,0,0.4,0.4,0,0,8.5,1,0.75,False,Accuracy_Voting_Pred,False,0.02918137152519111
5,0,9,6,3,8,1,2,1.5,16,1.0,0,1.0,0.666666667,0,0,4.0,0,0.0,False,Accuracy_Voting_Pred,False,0.011149402867801106
1,0,11,37,0,1,10,2,0.5,234,1.0,2,0.0,0.3666666670000001,0,0,45.0,4,2.2,False,Accuracy_Voting_Pred,False,0.056284802856604914
1,0,22,27,76,21,2,15,0.783333333,171,1.0,2,0.0,0.260416667,1,1,9.4375,7,1.4375,False,Accuracy_Voting_Pred,False,0.44665872907414017
1,0,6,14,2,6,0,7,0.7857142859999999,99,1.0,0,0.0,0.3,1,1,10.875,5,1.25,False,Accuracy_Voting_Pred,False,0.07282541524618022
1,0,3,7,6,3,0,4,2.0,17,0.0,0,0.0,1.0,0,0,3.25,1,0.75,False,Accuracy_Voting_Pred,False,0.011288923096903911
1,0,6,2,1,4,2,2,2.0,2,0.0,0,0.0,0.583333333,0,0,0.0,1,1.0,False,Accuracy_Voting_Pred,False,0.02417416921744892
2,0,12,31,2,0,12,1,1.0,179,1.0,3,0.857142857,0.583333333,1,1,41.0,4,1.25,False,Accuracy_Voting_Pred,False,0.05960766120980353
1,0,2,15,37,1,1,11,0.85,109,1.0,1,0.0,0.242424242,1,1,8.545454545,7,1.5455,False,Accuracy_Voting_Pred,False,0.0923497809762942
2,0,20,52,18,1,19,2,0.7857142859999999,360,1.0,0,0.7307692309999999,0.325,1,3,43.5,6,2.5,False,Accuracy_Voting_Pred,False,0.1429103244062693
2,0,8,17,78,0,8,13,2.0,49,0.0,0,0.5862068970000001,1.0,1,3,2.769230769,1,0.9231,False,Accuracy_Voting_Pred,False,0.07135710678375343
2,0,5,7,1,1,4,1,2.0,17,0.0,0,0.909090909,0.75,1,2,7.5,1,0.5,False,Accuracy_Voting_Pred,False,0.02164495289479761
2,0,4,5,1,1,3,1,2.0,11,0.0,0,0.909090909,0.75,1,1,4.5,1,0.5,False,Accuracy_Voting_Pred,False,0.021024380810809533
1,0,3,1,0,2,1,1,2.0,1,0.0,0,0.0,1.0,0,0,0.0,1,1.0,False,Accuracy_Voting_Pred,False,0.011685428656103216
2,0,12,37,7,0,12,1,1.122222222,302,1.0,1,0.75,0.52,1,1,46.33333333,2,0.8333,False,Accuracy_Voting_Pred,False,0.0550457812070396
1,0,23,1,0,23,1,1,2.0,1,0.0,0,0.0,1.0,0,0,0.0,1,1.0,False,Accuracy_Voting_Pred,False,0.011685428656103216
1,11,19,44,61,11,8,9,0.89010989,214,1.0,0,0.0,0.307692308,0,0,13.78571429,5,1.4286,False,Accuracy_Voting_Pred,False,0.22480010332115205
1,0,8,21,0,8,0,10,0.666666667,140,1.0,0,0.0,0.34,0,0,12.6,2,0.8,False,Accuracy_Voting_Pred,False,0.03485547787124218
2,0,7,17,91,0,7,14,2.0,54,0.0,0,0.566666667,1.0,1,4,2.857142857,1,0.9286,False,Accuracy_Voting_Pred,False,0.019625770220014955
1,0,9,9,14,8,1,7,0.857142857,46,1.0,1,0.0,0.458333333,0,0,4.25,1,0.75,False,Accuracy_Voting_Pred,False,0.03090414350042788
1,0,76,25,88,74,2,15,0.854166667,163,1.0,2,0.0,0.205882353,1,1,8.235294117999999,7,1.2941,False,Accuracy_Voting_Pred,False,0.2997468505967076
1,0,5,7,21,3,2,7,2.0,7,0.0,0,0.0,0.5,0,0,0.0,1,1.0,False,Accuracy_Voting_Pred,False,0.030596273712344524
2,0,8,17,78,0,8,13,2.0,49,0.0,0,0.5862068970000001,1.0,1,3,2.769230769,1,0.9231,False,Accuracy_Voting_Pred,False,0.02129457007783569
2,0,5,7,1,1,4,1,2.0,17,0.0,0,0.909090909,0.75,1,2,7.5,1,0.5,False,Accuracy_Voting_Pred,False,0.01918863504108019
2,0,7,14,3,1,6,3,2.0,48,0.0,0,0.75,0.5555555560000001,0,0,15.0,1,0.6667,False,Accuracy_Voting_Pred,False,0.017487698935333126
1,0,0,2,0,0,0,0,2.0,13,0.0,0,0.0,1.0,0,0,3.0,0,0.0,True,Accuracy_Voting_Pred,False,0.053880123981453386
1,0,31,135,115,0,31,16,0.833333333,798,1.0,8,0.0,0.136842105,0,0,40.52631579,13,2.3158,True,Accuracy_Voting_Pred,False,0.413786420344862
1,0,20,12,0,16,4,5,0.0,43,1.0,0,0.0,0.64,0,0,7.4,1,0.8,False,Accuracy_Voting_Pred,False,0.02405314782964969
1,0,4,30,24,3,1,16,0.7589285709999999,343,1.0,1,0.0,0.317647059,1,1,18.76470588,22,2.5882,False,Accuracy_Voting_Pred,False,0.06328523295077301
1,0,6,8,28,5,1,8,2.0,8,0.0,0,0.0,0.4,0,0,0.0,1,1.0,False,Accuracy_Voting_Pred,False,0.035648119968277575
1,0,0,2,0,0,0,1,2.0,11,0.0,0,0.0,1.0,0,0,3.0,0,0.0,False,Accuracy_Voting_Pred,False,0.053880123981453386
2,0,9,19,78,0,9,13,2.0,57,0.0,0,0.5862068970000001,1.0,1,3,3.384615385,1,0.9231,False,Accuracy_Voting_Pred,False,0.18875938781577675
2,0,10,20,28,4,10,8,2.0,83,0.0,0,0.222222222,0.46875,0,0,9.375,3,1.125,True,Accuracy_Voting_Pred,False,0.0399989294156544
1,0,6,7,21,4,2,7,2.0,7,0.0,0,0.0,0.342857143,0,0,0.0,1,1.0,False,Accuracy_Voting_Pred,False,0.039051696095515565
1,0,15,4,6,14,1,4,2.0,4,0.0,0,0.0,0.625,0,0,0.0,1,1.0,False,Accuracy_Voting_Pred,False,0.023397936544027952
2,0,8,20,15,0,8,6,2.0,83,0.0,0,0.28571428600000004,0.833333333,0,0,12.83333333,2,1.1667,False,Accuracy_Voting_Pred,False,0.017930410211329895
3,0,3,4,1,2,1,3,1.0,15,1.0,0,0.964912281,0.666666667,0,0,3.333333333,1,0.6667,False,Accuracy_Voting_Pred,False,0.01055377541442764
1,0,6,29,26,1,5,3,0.6875,200,1.0,2,0.0,0.291666667,0,0,20.77777778,3,1.6667,False,Accuracy_Voting_Pred,False,0.053774431763255866
1,0,11,55,37,1,10,5,0.5555555560000001,447,1.0,2,0.0,0.35714285700000004,0,0,43.5,9,2.6,False,Accuracy_Voting_Pred,False,0.04571935818358039
2,0,9,15,15,3,9,6,2.0,60,0.0,0,0.28571428600000004,0.4,0,0,9.0,1,0.8333,False,Accuracy_Voting_Pred,False,0.03770635323560837
1,0,16,30,0,1,15,2,0.166666667,178,1.0,3,0.0,0.5,0,0,57.33333333,9,3.6667,False,Accuracy_Voting_Pred,False,0.3623517010479342
2,0,6,8,3,1,6,3,2.0,21,0.0,0,0.5,0.5555555560000001,0,0,6.0,1,0.6667,False,Accuracy_Voting_Pred,False,0.02132979361352164
2,0,10,28,2,0,10,1,1.148148148,153,1.0,1,0.857142857,0.583333333,1,1,35.0,3,1.0,False,Accuracy_Voting_Pred,False,0.035819648011438034
1,0,23,27,51,23,1,15,0.767857143,169,1.0,0,0.0,0.32,1,1,10.0,7,1.4,False,Accuracy_Voting_Pred,False,0.08758781740402066
1,0,27,15,10,26,1,4,2.0,89,0.0,0,0.0,0.266666667,0,0,16.8,3,1.2,False,Accuracy_Voting_Pred,False,0.04296269447090075
2,0,10,23,2,0,10,1,1.125,118,1.0,1,0.857142857,0.583333333,1,1,26.5,1,0.5,False,Accuracy_Voting_Pred,False,0.033652701890682014
1,0,20,47,13,0,20,4,1.16,274,1.0,1,0.0,0.4166666670000001,0,0,43.0,2,1.1667,False,Accuracy_Voting_Pred,False,0.11143884894181648
2,0,8,17,78,0,8,13,2.0,49,0.0,0,0.5862068970000001,1.0,1,3,2.769230769,1,0.9231,True,Accuracy_Voting_Pred,False,0.02129457007783569
1,0,0,5,0,0,0,4,1.0,23,0.333333333,0,0.0,0.75,0,0,4.0,1,0.5,False,Accuracy_Voting_Pred,False,0.01730875764454268
1,0,7,19,83,6,1,15,0.904761905,129,1.0,1,0.0,0.20952381,1,1,7.2,7,1.4,False,Accuracy_Voting_Pred,False,0.11844165194424149
2,0,22,37,13,2,21,2,0.6,157,1.0,0,0.791666667,0.3666666670000001,1,3,25.0,4,1.8333,False,Accuracy_Voting_Pred,False,0.09478090959231344
2,0,5,8,1,1,4,1,2.0,81,1.0,0,0.909090909,0.75,1,2,37.5,2,1.0,False,Accuracy_Voting_Pred,False,0.019331440785678475
2,0,21,49,0,1,20,2,0.64,274,1.0,1,0.791666667,0.333333333,1,3,43.83333333,5,2.1667,True,Accuracy_Voting_Pred,False,0.08423311738212831
1,0,5,13,10,4,1,8,0.6190476189999999,56,1.0,0,0.0,0.75,0,0,5.625,1,0.875,False,Accuracy_Voting_Pred,False,0.01873670434516625
1,0,27,66,270,22,5,33,0.869318182,509,1.0,3,0.0,0.151515152,0,0,14.09090909,4,1.0909,False,Accuracy_Voting_Pred,False,0.32881588080323165
2,0,5,7,1,1,4,1,2.0,17,0.0,0,0.909090909,0.75,1,2,7.5,1,0.5,False,Accuracy_Voting_Pred,False,0.01918863504108019
1,0,10,32,4,1,10,2,1.242424242,223,1.0,0,0.0,0.5,0,0,52.0,3,1.25,False,Accuracy_Voting_Pred,False,0.04116165287249386
1,0,7,22,17,7,0,10,0.814285714,150,1.0,0,0.0,0.424242424,0,0,12.0,3,1.0,False,Accuracy_Voting_Pred,False,0.032965950408550306
2,0,5,7,1,1,4,1,2.0,17,0.0,0,0.909090909,0.75,1,2,7.5,1,0.5,False,Accuracy_Voting_Pred,False,0.01918863504108019
1,0,30,42,36,21,9,8,2.0,207,0.0,0,0.0,0.351851852,0,0,22.0,7,1.5556,False,Accuracy_Voting_Pred,False,0.05312295793471728
1,0,8,8,28,6,2,8,2.0,8,0.0,0,0.0,0.53125,0,0,0.0,1,1.0,False,Accuracy_Voting_Pred,False,0.02946266381014647
2,0,8,14,3,1,7,3,2.0,63,0.0,0,0.75,0.5555555560000001,0,0,20.0,3,1.3333,False,Accuracy_Voting_Pred,False,0.018911056452301584
2,0,7,12,1,0,7,2,1.0,110,1.0,0,0.833333333,1.0,0,0,51.5,1,0.5,False,Accuracy_Voting_Pred,False,0.009223250186648591
2,0,24,55,0,2,23,2,0.64,291,1.0,1,0.791666667,0.333333333,1,3,46.66666667,5,2.3333,True,Accuracy_Voting_Pred,False,0.1100220093235194
1,0,19,77,147,5,14,6,0.862745098,596,1.0,3,0.0,0.234567901,0,0,31.94444444,8,2.6667,True,Accuracy_Voting_Pred,False,0.4611279372546441
2,0,5,7,1,1,4,1,2.0,17,0.0,0,0.909090909,0.75,1,2,7.5,1,0.5,False,Accuracy_Voting_Pred,False,0.01918863504108019
2,0,11,15,3,4,7,3,2.0,93,0.0,0,0.75,0.5555555560000001,0,0,30.0,4,1.6667,False,Accuracy_Voting_Pred,False,0.01863593579745317
1,0,5,18,4,1,4,2,1.142857143,128,1.0,2,0.0,0.5,0,0,29.25,2,1.25,False,Accuracy_Voting_Pred,False,0.035620545180044594
1,0,4,5,10,3,1,5,2.0,5,0.0,0,0.0,0.9,0,0,0.0,1,1.0,False,Accuracy_Voting_Pred,False,0.014701246146841427
1,0,13,42,41,0,13,15,0.8469387759999999,221,0.857142857,6,0.0,0.2,0,0,13.26666667,5,1.3333,False,Accuracy_Voting_Pred,False,0.20381318788722588
1,0,16,23,253,9,8,23,2.0,23,0.0,0,0.0,0.293478261,0,0,0.0,1,1.0,False,Accuracy_Voting_Pred,False,0.2439912925701748
1,0,9,35,4,1,8,2,1.308641975,300,1.0,2,0.0,0.4375,0,0,67.25,5,2.25,True,Accuracy_Voting_Pred,False,0.04009989947145535
2,0,7,11,1,0,7,2,1.0,46,1.0,0,0.833333333,1.0,0,0,20.5,1,0.5,False,Accuracy_Voting_Pred,False,0.009223250186648591
1,0,15,77,344,7,11,32,0.883522727,564,1.0,1,0.0,0.157575758,1,1,15.75757576,5,1.3636,True,Accuracy_Voting_Pred,False,0.4521041510411983
1,0,39,18,0,36,3,3,0.25,75,1.0,1,0.0,0.25,0,0,13.6,4,1.6,False,Accuracy_Voting_Pred,False,0.04778264579967173
1,0,1,13,15,1,0,5,2.0,385,0.0,0,0.0,0.458333333,0,0,63.16666667,47,9.0,False,Accuracy_Voting_Pred,False,0.012108727487842317
3,0,8,31,10,0,8,3,1.25,135,1.0,0,0.8620689659999999,0.4,2,2,25.8,1,0.8,False,Accuracy_Voting_Pred,False,0.06839487799131291
2,0,2,14,11,1,1,4,0.8,105,0.4,4,0.764705882,0.4,1,1,15.66666667,3,1.0,False,Accuracy_Voting_Pred,False,0.05408514359868153
2,0,9,19,78,0,9,13,2.0,65,0.0,0,0.5862068970000001,1.0,1,3,4.0,1,0.9231,False,Accuracy_Voting_Pred,False,0.18875938781577675
2,0,11,29,2,0,11,1,1.214285714,247,1.0,1,0.857142857,0.583333333,1,1,57.25,8,2.25,True,Accuracy_Voting_Pred,False,0.3674575309581782
1,0,18,44,4,1,17,3,0.666666667,221,1.0,1,0.0,0.375,0,0,54.0,4,1.5,False,Accuracy_Voting_Pred,False,0.08975766983665011
1,0,6,42,118,4,3,20,0.8105263159999999,264,1.0,1,0.0,0.188888889,1,1,11.95,7,1.45,False,Accuracy_Voting_Pred,False,0.31543704779334153
1,0,7,21,6,1,6,4,1.083333333,148,1.0,3,0.0,0.533333333,0,0,26.8,3,1.2,False,Accuracy_Voting_Pred,False,0.039934029295434194
2,0,7,11,1,0,7,2,1.0,35,1.0,0,0.833333333,1.0,0,0,16.0,1,0.5,False,Accuracy_Voting_Pred,False,0.008608567498396192
2,0,5,9,1,1,4,1,2.0,49,0.0,0,0.909090909,0.75,1,1,23.5,1,0.5,True,Accuracy_Voting_Pred,False,0.3517909444318566
2,0,8,14,3,1,7,3,2.0,103,0.0,0,0.75,0.5555555560000001,0,0,33.33333333,6,2.3333,False,Accuracy_Voting_Pred,False,0.016332968814858
1,0,11,23,253,1,10,23,2.0,23,0.0,0,0.0,0.255434783,0,0,0.0,1,1.0,False,Accuracy_Voting_Pred,False,0.2506190323680912
1,0,3,3,3,1,2,3,2.0,3,0.0,0,0.0,0.466666667,0,0,0.0,1,1.0,False,Accuracy_Voting_Pred,False,0.03045158155890095
1,0,6,4,6,5,1,4,2.0,4,0.0,0,0.0,0.6875,0,0,0.0,1,1.0,False,Accuracy_Voting_Pred,False,0.022195767244933908
1,0,5,2,1,4,1,2,2.0,2,0.0,0,0.0,0.666666667,0,0,0.0,1,1.0,False,Accuracy_Voting_Pred,False,0.022638052618754456
1,0,25,86,167,0,25,19,0.869047619,464,1.0,7,0.0,0.14285714300000002,0,0,19.72727273,4,1.3636,True,Accuracy_Voting_Pred,True,0.7466301393868594
2,0,2,14,11,1,1,4,0.8,105,0.4,4,0.764705882,0.4,1,1,15.66666667,3,1.0,False,Accuracy_Voting_Pred,False,0.04761213727689876
1,0,8,8,28,6,2,8,2.0,8,0.0,0,0.0,0.321428571,0,0,0.0,1,1.0,False,Accuracy_Voting_Pred,False,0.038050539547382536
1,0,3,21,63,3,1,15,0.828571429,152,1.0,1,0.0,0.238095238,1,1,8.8,7,1.4,False,Accuracy_Voting_Pred,False,0.2680670652551231
1,0,17,49,73,1,16,11,0.802197802,309,1.0,7,0.0,0.17032967,0,0,20.57142857,7,1.7857,False,Accuracy_Voting_Pred,False,0.30809560318028223
2,0,13,32,2,0,13,1,0.75,163,1.0,1,0.8,0.625,1,1,31.0,1,0.6,False,Accuracy_Voting_Pred,False,0.03698798111107582
2,0,8,14,3,1,7,3,2.0,52,0.0,0,0.75,0.5555555560000001,0,0,16.33333333,2,1.0,False,Accuracy_Voting_Pred,False,0.016636493090317853
1,0,5,4,6,5,0,4,2.0,4,0.0,0,0.0,0.833333333,0,0,0.0,1,1.0,False,Accuracy_Voting_Pred,False,0.017697238382007274
2,0,2,14,11,1,1,4,0.833333333,117,0.333333333,5,0.764705882,0.4,1,1,17.5,3,1.0,False,Accuracy_Voting_Pred,False,0.06067578941796181
1,0,20,16,36,20,1,12,0.795454545,122,1.0,1,0.0,0.316666667,1,1,8.833333332999999,7,1.4167,False,Accuracy_Voting_Pred,False,0.0858628269066341
1,0,7,53,31,0,7,6,0.775,285,1.0,0,0.0,0.225,0,0,24.54545455,7,1.6364,False,Accuracy_Voting_Pred,False,0.05513271726614128
1,0,19,52,126,0,19,20,0.888157895,264,1.0,8,0.0,0.14285714300000002,0,0,11.8,4,1.25,False,Accuracy_Voting_Pred,False,0.3804799690031348
2,0,8,12,1,0,8,2,1.0,56,1.0,0,0.833333333,1.0,0,0,24.0,1,0.5,False,Accuracy_Voting_Pred,False,0.008980039599650741
1,20,28,46,117,20,8,15,0.858823529,221,1.0,0,0.0,0.240740741,1,1,11.0,7,1.4444,False,Accuracy_Voting_Pred,False,0.15235467248716297
1,0,7,14,0,3,4,5,0.333333333,115,1.0,0,0.0,0.566666667,0,0,21.4,4,2.0,False,Accuracy_Voting_Pred,False,0.029519564260387376
1,16,24,42,8,16,8,2,0.704545455,220,1.0,1,0.0,0.218181818,0,0,17.0,4,1.6667,False,Accuracy_Voting_Pred,False,0.05820814181883721
1,0,3,3,3,2,1,3,2.0,3,0.0,0,0.0,0.5,0,0,0.0,1,1.0,True,Accuracy_Voting_Pred,False,0.3616526663046642
1,0,7,12,9,6,1,10,0.8,79,1.0,1,0.0,0.3,0,0,6.4,1,0.7,False,Accuracy_Voting_Pred,False,0.035036273104419674
2,0,30,8,6,29,1,3,0.892857143,91,0.28571428600000004,6,0.8125,0.4166666670000001,1,1,15.8,1,0.6,False,Accuracy_Voting_Pred,False,0.05889975698786786
1,0,11,7,7,10,1,5,0.88,41,1.0,1,0.0,0.375,0,0,5.0,1,0.6667,False,Accuracy_Voting_Pred,False,0.031686934817859336
1,0,1,4,1,0,1,2,2.0,9,0.0,0,0.0,1.0,0,0,3.5,1,0.5,False,Accuracy_Voting_Pred,False,0.014168381273101669
2,0,8,14,3,1,7,3,2.0,72,0.0,0,0.75,0.5555555560000001,0,0,23.0,3,1.3333,False,Accuracy_Voting_Pred,False,0.017203607579419668
2,0,10,27,2,0,10,1,1.166666667,202,1.0,1,0.857142857,0.583333333,1,1,47.0,7,2.0,True,Accuracy_Voting_Pred,False,0.3682957272362244
1,0,2,9,0,2,0,4,0.5,45,1.0,0,0.0,0.666666667,0,0,9.75,3,1.25,False,Accuracy_Voting_Pred,False,0.02263795576667012
1,4,4,9,0,4,0,4,0.375,35,1.0,0,0.0,0.6,0,0,5.6,1,0.8,False,Accuracy_Voting_Pred,False,0.023199023148822717
1,0,9,5,0,9,0,4,0.666666667,28,1.0,0,0.0,0.5,0,0,5.25,1,0.75,False,Accuracy_Voting_Pred,False,0.026106116553766465
1,0,10,23,69,10,0,15,0.7857142859999999,213,1.0,0,0.0,0.3666666670000001,1,1,12.86666667,7,1.7333,False,Accuracy_Voting_Pred,False,0.25130246553830066
1,0,11,50,180,10,1,26,0.726190476,418,1.0,0,0.0,0.226600985,1,1,13.20689655,7,1.2759,False,Accuracy_Voting_Pred,False,0.19009389478364397
3,0,4,35,6,0,4,3,1.333333333,205,1.0,0,0.892857143,0.45,3,3,50.0,1,0.75,False,Accuracy_Voting_Pred,False,0.09164476989132052
2,0,6,10,6,1,6,4,2.0,28,0.0,0,0.4,0.4375,0,0,6.0,1,0.75,True,Accuracy_Voting_Pred,False,0.3589132519119257
1,0,11,41,282,8,3,29,0.895833333,348,1.0,3,0.0,0.183908046,1,1,10.5862069,7,1.2069,True,Accuracy_Voting_Pred,True,0.7296872077420323
2,0,7,17,91,0,7,14,2.0,53,0.0,0,0.566666667,1.0,1,4,2.785714286,1,0.9286,False,Accuracy_Voting_Pred,False,0.055090885521612586
1,0,8,1,0,8,0,1,2.0,1,0.0,0,0.0,1.0,0,0,0.0,1,1.0,False,Accuracy_Voting_Pred,False,0.01408248842528674
1,0,1,23,9,1,0,9,0.7555555559999999,155,1.0,0,0.0,0.65,0,0,14.0,3,1.0,False,Accuracy_Voting_Pred,False,0.022774055905642368
1,0,37,77,108,1,36,9,0.916666667,368,1.0,6,0.0,0.1484375,0,0,21.5,3,1.3125,False,Accuracy_Voting_Pred,True,0.7746395012713361
1,0,5,13,20,4,1,9,0.791666667,99,1.0,1,0.0,0.288888889,1,1,9.666666667,7,1.6667,False,Accuracy_Voting_Pred,False,0.08722565495840147
2,0,9,19,78,0,9,13,2.0,81,0.0,0,0.5862068970000001,1.0,1,3,5.230769231,1,0.9231,False,Accuracy_Voting_Pred,False,0.17635226526957834
2,0,10,20,36,5,10,9,2.0,80,0.0,0,0.2,0.377777778,0,0,7.888888888999999,1,0.8889,False,Accuracy_Voting_Pred,False,0.04304327817372858
2,0,7,15,15,2,7,6,2.0,46,0.0,0,0.28571428600000004,0.4,0,0,6.666666667,1,0.8333,False,Accuracy_Voting_Pred,False,0.03199367300440205
1,0,4,22,4,2,3,3,0.333333333,119,0.0,0,0.0,0.5,0,0,28.25,2,1.0,False,Accuracy_Voting_Pred,False,0.030192127560497595
2,0,4,5,1,1,3,1,2.0,11,0.0,0,0.909090909,0.75,1,1,4.5,1,0.5,False,Accuracy_Voting_Pred,False,0.01775729254608736
1,0,2,26,1,1,1,3,0.5,187,1.0,1,0.0,0.333333333,0,0,29.83333333,3,1.1667,False,Accuracy_Voting_Pred,False,0.03722862869903385
1,0,8,23,253,1,7,23,2.0,23,0.0,0,0.0,0.338164251,0,0,0.0,1,1.0,False,Accuracy_Voting_Pred,False,0.20914186494688827
1,0,2,1,0,2,0,1,2.0,1,0.0,0,0.0,1.0,0,0,0.0,1,1.0,False,Accuracy_Voting_Pred,False,0.01408248842528674
1,0,5,14,0,1,4,5,0.25,115,1.0,0,0.0,0.64,0,0,21.6,4,2.0,False,Accuracy_Voting_Pred,False,0.02668777581081951
1,0,5,7,21,3,2,7,2.0,7,0.0,0,0.0,0.535714286,0,0,0.0,1,1.0,False,Accuracy_Voting_Pred,False,0.028744862482846356
1,0,3,2,1,2,1,2,2.0,2,0.0,0,0.0,0.75,0,0,0.0,1,1.0,False,Accuracy_Voting_Pred,False,0.020247693410946906
1,0,3,8,0,2,1,4,0.5,30,1.0,0,0.0,0.5,0,0,6.0,1,0.75,False,Accuracy_Voting_Pred,False,0.026871907280655177
1,0,6,6,15,4,2,6,2.0,6,0.0,0,0.0,0.333333333,0,0,0.0,1,1.0,False,Accuracy_Voting_Pred,False,0.036594791360963816
2,0,4,5,1,0,4,2,2.0,11,0.0,0,0.666666667,0.75,0,0,4.5,1,0.5,False,Accuracy_Voting_Pred,False,0.011855090211944294
1,0,2,9,0,2,0,4,0.5,45,1.0,0,0.0,0.666666667,0,0,9.75,3,1.25,False,Accuracy_Voting_Pred,False,0.02263795576667012
1,0,1,4,1,0,1,2,2.0,9,0.0,0,0.0,1.0,0,0,3.5,1,0.5,False,Accuracy_Voting_Pred,False,0.014168381273101669
1,0,11,7,7,10,1,5,0.88,41,1.0,1,0.0,0.375,0,0,5.0,1,0.6667,False,Accuracy_Voting_Pred,False,0.031686934817859336
1,0,1,23,9,1,0,9,0.7555555559999999,155,1.0,0,0.0,0.65,0,0,14.0,3,1.0,False,Accuracy_Voting_Pred,False,0.022774055905642368
1,0,37,77,108,1,36,9,0.916666667,368,1.0,6,0.0,0.1484375,0,0,21.5,3,1.3125,True,Accuracy_Voting_Pred,True,0.7746395012713361
1,0,5,7,21,3,2,7,2.0,7,0.0,0,0.0,0.535714286,0,0,0.0,1,1.0,False,Accuracy_Voting_Pred,False,0.028744862482846356
1,0,3,2,1,2,1,2,2.0,2,0.0,0,0.0,0.75,0,0,0.0,1,1.0,False,Accuracy_Voting_Pred,False,0.020247693410946906
1,0,6,6,15,4,2,6,2.0,6,0.0,0,0.0,0.333333333,0,0,0.0,1,1.0,False,Accuracy_Voting_Pred,False,0.036594791360963816
1,4,4,9,0,4,0,4,0.375,35,1.0,0,0.0,0.6,0,0,5.6,1,0.8,False,Accuracy_Voting_Pred,False,0.020582163245519803
1,0,10,23,69,10,0,15,0.7857142859999999,213,1.0,0,0.0,0.3666666670000001,1,1,12.86666667,7,1.7333,False,Accuracy_Voting_Pred,False,0.2474733309746409
1,0,11,50,180,10,1,26,0.726190476,418,1.0,0,0.0,0.226600985,1,1,13.20689655,7,1.2759,False,Accuracy_Voting_Pred,False,0.21126502798289168
1,0,6,8,28,5,1,8,2.0,8,0.0,0,0.0,0.4,0,0,0.0,1,1.0,False,Accuracy_Voting_Pred,False,0.02978413650885984
1,0,7,30,0,4,3,9,0.45,141,1.0,2,0.0,0.62962963,0,0,14.11111111,2,1.1111,False,Accuracy_Voting_Pred,False,0.023071953806632683
2,0,8,8,6,7,1,3,0.892857143,91,0.28571428600000004,6,0.8125,0.4166666670000001,1,1,15.8,1,0.6,False,Accuracy_Voting_Pred,False,0.08356988530265022
1,0,8,1,0,8,0,1,2.0,1,0.0,0,0.0,1.0,0,0,0.0,1,1.0,False,Accuracy_Voting_Pred,False,0.012288767431512674
1,0,11,41,282,8,3,29,0.895833333,348,1.0,3,0.0,0.183908046,1,1,10.5862069,7,1.2069,True,Accuracy_Voting_Pred,True,0.7469007580404975
1,0,2,6,4,2,0,5,0.75,31,1.0,0,0.0,0.466666667,0,0,4.6,1,0.8,False,Accuracy_Voting_Pred,False,0.02462985923195081
2,0,6,10,6,1,6,4,2.0,28,0.0,0,0.4,0.4375,0,0,6.0,1,0.75,True,Accuracy_Voting_Pred,False,0.3591495428053669
3,0,4,35,6,0,4,3,1.333333333,205,1.0,0,0.892857143,0.45,3,3,50.0,1,0.75,False,Accuracy_Voting_Pred,False,0.1540253322907189
2,0,4,5,1,0,4,2,2.0,11,0.0,0,0.666666667,0.75,0,0,4.5,1,0.5,False,Accuracy_Voting_Pred,False,0.0134359180182691
1,0,2,1,0,2,0,1,2.0,1,0.0,0,0.0,1.0,0,0,0.0,1,1.0,False,Accuracy_Voting_Pred,False,0.012288767431512674
1,0,8,25,300,1,7,25,2.0,25,0.0,0,0.0,0.337777778,0,0,0.0,1,1.0,False,Accuracy_Voting_Pred,False,0.3378273217639722
2,0,7,11,1,0,7,2,1.0,35,1.0,0,0.833333333,1.0,0,0,16.0,1,0.5,False,Accuracy_Voting_Pred,False,0.0101807223020707
1,0,12,46,448,8,5,32,0.919354839,261,1.0,3,0.0,0.17578125,1,1,6.78125,7,1.3438,False,Accuracy_Voting_Pred,False,0.4662126821057053
1,0,6,42,118,4,3,20,0.8105263159999999,264,1.0,1,0.0,0.188888889,1,1,11.95,7,1.45,False,Accuracy_Voting_Pred,False,0.3130737342782282
1,0,7,21,6,1,6,4,1.0625,134,1.0,3,0.0,0.533333333,0,0,24.2,3,1.2,False,Accuracy_Voting_Pred,False,0.032417344471064716
1,0,18,44,4,1,17,3,0.666666667,221,1.0,1,0.0,0.375,0,0,54.0,4,1.5,False,Accuracy_Voting_Pred,False,0.0728107923146149
2,0,2,14,11,1,1,4,0.8,105,0.4,4,0.764705882,0.4,1,1,15.66666667,3,1.0,False,Accuracy_Voting_Pred,False,0.0650914901722963
2,0,2,14,11,1,1,4,0.8,105,0.4,4,0.764705882,0.4,1,1,15.66666667,3,1.0,False,Accuracy_Voting_Pred,False,0.0650914901722963
1,0,8,7,21,6,2,7,2.0,7,0.0,0,0.0,0.306122449,0,0,0.0,1,1.0,False,Accuracy_Voting_Pred,False,0.033924829433911084
1,0,11,25,300,1,10,25,2.0,25,0.0,0,0.0,0.255,0,0,0.0,1,1.0,False,Accuracy_Voting_Pred,False,0.3645883045817386
1,0,3,3,3,1,2,3,2.0,3,0.0,0,0.0,0.466666667,0,0,0.0,1,1.0,False,Accuracy_Voting_Pred,False,0.02666503189048912
1,0,3,31,1,1,2,3,0.5,203,1.0,1,0.0,0.333333333,0,0,32.5,3,1.3333,False,Accuracy_Voting_Pred,False,0.032868671536074215
1,0,4,22,4,2,3,3,0.333333333,119,0.0,0,0.0,0.5,0,0,28.25,2,1.0,False,Accuracy_Voting_Pred,False,0.02643465370093075
2,0,7,15,15,2,7,6,2.0,46,0.0,0,0.28571428600000004,0.4,0,0,6.666666667,1,0.8333,False,Accuracy_Voting_Pred,False,0.03084209912714005
2,0,10,20,36,5,10,9,2.0,80,0.0,0,0.2,0.377777778,0,0,7.888888888999999,1,0.8889,False,Accuracy_Voting_Pred,False,0.04030636974646352
1,0,5,13,20,4,1,9,0.791666667,99,1.0,1,0.0,0.288888889,1,1,9.666666667,7,1.6667,False,Accuracy_Voting_Pred,False,0.08160357744902275
1,0,8,12,9,7,1,10,0.8,79,1.0,1,0.0,0.3,0,0,6.4,1,0.7,False,Accuracy_Voting_Pred,False,0.031153815001558977
1,0,25,87,155,0,25,19,0.863095238,489,1.0,7,0.0,0.14285714300000002,0,0,20.86363636,4,1.4091,True,Accuracy_Voting_Pred,True,0.7378097049870943
1,0,6,4,6,5,1,4,2.0,4,0.0,0,0.0,0.6875,0,0,0.0,1,1.0,False,Accuracy_Voting_Pred,False,0.01945655318784024
1,0,3,3,3,2,1,3,2.0,3,0.0,0,0.0,0.5,0,0,0.0,1,1.0,True,Accuracy_Voting_Pred,False,0.3581161894971732
1,0,1,13,15,1,0,5,2.0,385,0.0,0,0.0,0.458333333,0,0,63.16666667,47,9.0,False,Accuracy_Voting_Pred,False,0.008558975767567192
1,0,7,8,28,5,2,8,2.0,8,0.0,0,0.0,0.5,0,0,0.0,1,1.0,False,Accuracy_Voting_Pred,False,0.026979558557215347
1,0,28,18,0,25,3,3,0.25,75,1.0,1,0.0,0.25,0,0,13.6,4,1.6,False,Accuracy_Voting_Pred,False,0.037333558384576825
1,0,15,78,344,7,11,32,0.884375,543,1.0,1,0.0,0.157575758,1,1,15.15151515,5,1.3636,False,Accuracy_Voting_Pred,True,0.8023775531325544
2,0,7,11,1,0,7,2,1.0,46,1.0,0,0.833333333,1.0,0,0,20.5,1,0.5,False,Accuracy_Voting_Pred,False,0.0101807223020707
1,0,9,35,4,1,8,2,1.307692308,299,1.0,1,0.0,0.4375,0,0,67.25,5,2.25,True,Accuracy_Voting_Pred,False,0.3641358923841285
1,0,11,38,41,0,11,15,0.8214285709999999,185,1.0,6,0.0,0.193333333,0,0,10.93333333,5,1.2667,False,Accuracy_Voting_Pred,False,0.145492603258942
1,0,4,5,10,3,1,5,2.0,5,0.0,0,0.0,0.9,0,0,0.0,1,1.0,False,Accuracy_Voting_Pred,False,0.014820541116674628
1,0,5,18,4,1,4,2,1.142857143,128,1.0,2,0.0,0.5,0,0,29.25,2,1.25,False,Accuracy_Voting_Pred,False,0.029173262559035382
1,0,22,42,36,13,9,8,2.0,207,0.0,0,0.0,0.351851852,0,0,22.0,7,1.5556,False,Accuracy_Voting_Pred,False,0.0443730613082796
1,0,24,60,13,0,24,4,1.075757576,337,1.0,1,0.0,0.4166666670000001,0,0,45.57142857,3,1.4286,True,Accuracy_Ada_Pred,False,0.4954135664607301
1,0,7,22,17,7,0,10,0.814285714,150,1.0,0,0.0,0.424242424,0,0,12.0,3,1.0,False,Accuracy_Voting_Pred,False,0.02740829396853556
1,0,12,35,4,1,12,2,1.083333333,271,1.0,0,0.0,0.466666667,0,0,65.75,9,3.0,False,Accuracy_Voting_Pred,False,0.027945410742158252
1,0,28,65,252,23,5,32,0.8680351909999999,505,1.0,3,0.0,0.153125,0,0,14.4375,4,1.0938,False,Accuracy_Voting_Pred,False,0.2989003618502584
2,0,21,49,0,1,20,2,0.64,274,1.0,1,0.791666667,0.333333333,1,3,43.83333333,5,2.1667,False,Accuracy_Voting_Pred,False,0.4043376245220798
2,0,22,37,13,2,21,2,0.6,157,1.0,0,0.791666667,0.3666666670000001,1,3,25.0,4,1.8333,False,Accuracy_Voting_Pred,False,0.2646456120028702
1,0,8,19,83,7,1,15,0.904761905,129,1.0,1,0.0,0.20952381,1,1,7.2,7,1.4,False,Accuracy_Voting_Pred,False,0.11293427573711726
1,0,12,43,25,1,11,8,0.7142857140000001,411,1.0,0,0.0,0.44,0,0,35.72727273,5,1.5455,False,Accuracy_Voting_Pred,False,0.04286678583054313
1,0,0,5,0,0,0,4,1.0,23,0.333333333,0,0.0,0.75,0,0,4.0,1,0.5,False,Accuracy_Voting_Pred,False,0.016589782927168614
1,0,18,77,147,4,14,6,0.862745098,596,1.0,3,0.0,0.234567901,0,0,31.94444444,8,2.6667,True,Accuracy_Voting_Pred,False,0.43577859211719455
2,0,24,55,0,2,23,2,0.64,291,1.0,1,0.791666667,0.333333333,1,3,46.66666667,5,2.3333,False,Accuracy_Voting_Pred,False,0.4526629403216814
2,0,7,12,1,0,7,2,1.0,125,1.0,0,0.833333333,1.0,0,0,58.5,1,0.5,False,Accuracy_Voting_Pred,False,0.0101807223020707
1,0,16,30,0,1,15,2,0.166666667,178,1.0,3,0.0,0.5,0,0,57.33333333,9,3.6667,True,Accuracy_Voting_Pred,False,0.02468260003577356
2,0,10,17,21,4,10,7,2.0,71,0.0,0,0.25,0.333333333,0,0,9.142857143,1,0.8571,False,Accuracy_Voting_Pred,False,0.03991634662434365
1,0,11,55,37,1,10,5,0.5555555560000001,447,1.0,2,0.0,0.35714285700000004,0,0,43.5,9,2.6,False,Accuracy_Voting_Pred,False,0.03649933419046581
1,0,7,6,15,5,2,6,2.0,6,0.0,0,0.0,0.4166666670000001,0,0,0.0,1,1.0,False,Accuracy_Voting_Pred,False,0.029125977899003334
1,0,6,29,26,1,5,3,0.6875,200,1.0,2,0.0,0.291666667,0,0,20.77777778,3,1.6667,False,Accuracy_Voting_Pred,False,0.041562670239331
3,0,3,4,1,2,1,3,1.0,15,1.0,0,0.964912281,0.666666667,0,0,3.333333333,1,0.6667,False,Accuracy_Voting_Pred,False,0.01120754363924828
2,0,8,20,15,0,8,6,2.0,83,0.0,0,0.28571428600000004,0.833333333,0,0,12.83333333,2,1.1667,False,Accuracy_Voting_Pred,False,0.01871244056570075
2,0,10,20,28,4,10,8,2.0,83,0.0,0,0.222222222,0.46875,0,0,9.375,3,1.125,False,Accuracy_Voting_Pred,False,0.2024134968486102
1,0,4,30,24,3,1,16,0.7589285709999999,331,1.0,1,0.0,0.317647059,1,1,18.05882353,22,2.5882,False,Accuracy_Voting_Pred,False,0.057306805412781214
1,0,3,1,0,2,1,1,2.0,1,0.0,0,0.0,1.0,0,0,0.0,1,1.0,False,Accuracy_Voting_Pred,False,0.01271670412723614
1,0,13,15,10,12,1,4,2.0,89,0.0,0,0.0,0.266666667,0,0,16.8,3,1.2,False,Accuracy_Voting_Pred,False,0.034564916880916084
1,0,31,139,115,0,31,16,0.833333333,823,1.0,8,0.0,0.136842105,0,0,41.84210526,13,2.3158,False,Accuracy_Voting_Pred,True,0.760732896365447
1,0,0,2,0,0,0,0,2.0,13,0.0,0,0.0,1.0,0,0,3.0,0,0.0,False,Accuracy_Voting_Pred,False,0.09662678412767849
1,0,6,7,21,4,2,7,2.0,7,0.0,0,0.0,0.5,0,0,0.0,1,1.0,False,Accuracy_Voting_Pred,False,0.02868950633315773
1,0,49,25,88,47,2,15,0.854166667,163,1.0,2,0.0,0.205882353,1,1,8.235294117999999,7,1.2941,False,Accuracy_Voting_Pred,False,0.2949207931181201
1,0,9,9,14,8,1,7,0.857142857,46,1.0,1,0.0,0.458333333,0,0,4.25,1,0.75,False,Accuracy_Voting_Pred,False,0.028591262529625645
1,0,9,21,0,9,0,10,0.666666667,140,1.0,0,0.0,0.34,0,0,12.6,2,0.8,False,Accuracy_Voting_Pred,False,0.030149169356076
2,0,14,28,0,2,12,2,0.5,155,1.0,0,0.9,0.625,1,1,49.33333333,2,0.6667,False,Accuracy_Voting_Pred,False,0.035321595717018005
1,0,3,8,0,2,1,4,0.5,30,1.0,0,0.0,0.5,0,0,6.0,1,0.75,False,Accuracy_Voting_Pred,False,0.02555611251253111
2,0,11,17,21,4,11,7,2.0,80,0.0,0,0.25,0.30952381,0,0,10.42857143,1,0.8571,False,Accuracy_Voting_Pred,False,0.0420158677177098
1,0,9,11,55,7,2,11,2.0,11,0.0,0,0.0,0.311688312,0,0,0.0,1,1.0,True,Accuracy_Voting_Pred,False,0.3720380469528001
1,0,7,33,11,1,6,3,1.085714286,169,1.0,0,0.0,0.6,0,0,26.0,5,1.6667,False,Accuracy_Voting_Pred,False,0.03030725580296906
2,0,20,52,18,1,19,2,0.7857142859999999,360,1.0,0,0.7307692309999999,0.325,1,3,43.5,6,2.5,False,Accuracy_Voting_Pred,False,0.1802268916182622
1,0,2,15,37,1,1,11,0.85,109,1.0,1,0.0,0.242424242,1,1,8.545454545,7,1.5455,False,Accuracy_Voting_Pred,False,0.09436258420625748
1,0,5,2,1,3,2,2,2.0,2,0.0,0,0.0,0.583333333,0,0,0.0,1,1.0,False,Accuracy_Voting_Pred,False,0.025068565627763054
1,0,3,7,6,3,0,4,2.0,17,0.0,0,0.0,1.0,0,0,3.25,1,0.75,False,Accuracy_Voting_Pred,False,0.01447977363923678
1,0,6,19,17,6,0,8,0.8222222220000001,128,0.8,0,0.0,0.311111111,1,1,11.3,5,1.3,False,Accuracy_Voting_Pred,False,0.07540190011429312
1,0,5,36,10,0,5,2,2.0,163,0.0,0,0.0,0.266666667,0,0,31.6,3,1.2,False,Accuracy_Voting_Pred,False,0.04105635254165405
1,0,8,23,61,8,1,13,0.788461538,154,1.0,1,0.0,0.314285714,1,1,9.714285714,7,1.5,False,Accuracy_Ada_Pred,True,0.5033412944246284
1,0,11,38,0,1,10,2,0.5,237,1.0,2,0.0,0.3666666670000001,0,0,45.6,4,2.2,False,Accuracy_Voting_Pred,False,0.05179932402223724
5,0,9,6,3,8,1,2,1.5,16,1.0,0,1.0,0.666666667,0,0,4.0,0,0.0,False,Accuracy_Voting_Pred,False,0.009364209172321765
1,0,6,12,0,4,2,4,0.0,44,1.0,0,0.0,0.5,0,0,9.75,2,1.0,False,Accuracy_Voting_Pred,False,0.0275389537872063
1,0,8,16,6,8,0,8,0.708333333,104,1.0,0,0.0,0.311111111,1,1,10.22222222,5,1.2222,False,Accuracy_Voting_Pred,False,0.07308717710426532
1,0,5,15,0,1,4,7,0.166666667,52,1.0,0,0.0,0.514285714,0,0,6.285714286,1,0.8571,False,Accuracy_Voting_Pred,False,0.027952667583682717
1,0,34,147,406,0,34,34,0.8888888890000001,736,1.0,8,0.0,0.111111111,0,0,18.64864865,6,1.3784,True,Accuracy_Voting_Pred,True,0.8289559049009144
1,0,5,34,36,4,1,7,0.727272727,342,1.0,0,0.0,0.464285714,0,0,27.16666667,4,1.8333,False,Accuracy_Voting_Pred,False,0.03260575315626283
2,0,18,41,7,1,17,2,0.666666667,216,1.0,0,0.791666667,0.3666666670000001,1,3,34.5,5,2.3333,False,Accuracy_Voting_Pred,False,0.14102109414274264
1,0,13,33,13,0,13,4,1.0,226,1.0,1,0.0,0.425,0,0,18.63636364,1,0.8182,False,Accuracy_Voting_Pred,False,0.0481785502610105
2,0,3,8,6,0,3,4,2.0,22,0.0,0,0.4,1.0,0,0,4.5,1,0.75,False,Accuracy_Voting_Pred,False,0.012167827619592342
1,0,2,7,3,2,0,5,0.8,35,1.0,0,0.0,0.5555555560000001,0,0,4.333333333,1,0.6667,False,Accuracy_Voting_Pred,False,0.02318278418759636
1,0,8,21,0,1,7,2,1.0,168,1.0,1,0.0,0.4,0,0,39.0,3,1.5,False,Accuracy_Voting_Pred,False,0.04088492810848251
1,0,18,51,18,13,7,7,0.727272727,255,1.0,0,0.0,0.327272727,0,0,19.91666667,5,1.5833,False,Accuracy_Voting_Pred,False,0.2103827516962775
1,0,7,19,4,4,3,9,0.5,97,1.0,0,0.0,0.7222222220000001,0,0,9.444444444,2,1.0,False,Accuracy_Voting_Pred,False,0.02211048216320192
1,0,36,16,40,36,0,10,0.818181818,119,1.0,0,0.0,0.3,1,1,8.583333332999999,7,1.4167,False,Accuracy_Voting_Pred,False,0.2484550964075908
1,0,5,31,0,4,1,4,0.85,190,1.0,0,0.0,0.6,0,0,36.0,5,2.8,False,Accuracy_Voting_Pred,False,0.02285330844971323
2,0,5,9,6,0,5,4,2.0,38,0.0,0,0.4,0.4,0,0,8.5,1,0.75,False,Accuracy_Voting_Pred,False,0.02530387930490434
1,0,5,3,3,5,1,3,2.0,3,0.0,0,0.0,0.466666667,0,0,0.0,1,1.0,False,Accuracy_Voting_Pred,False,0.02806164698118592
3,0,3,19,1,0,3,2,2.0,91,1.0,0,0.961538462,1.0,1,2,44.0,5,2.5,False,Accuracy_Voting_Pred,False,0.01933935522649725
1,0,26,62,457,24,6,28,0.844594595,454,1.0,2,0.0,0.15,1,1,10.73684211,7,1.4737,False,Accuracy_Voting_Pred,True,0.6398211425117827
2,0,9,18,28,3,9,8,2.0,65,0.0,0,0.222222222,0.28571428600000004,0,0,7.125,1,0.875,False,Accuracy_Voting_Pred,False,0.040583565109013765
2,0,12,25,66,6,12,12,2.0,110,0.0,0,0.153846154,0.297619048,0,0,8.166666667000001,1,0.9167,True,Accuracy_Voting_Pred,False,0.3882611481782656
1,0,2,13,3,2,0,1,2.0,90,0.0,0,0.0,0.444444444,0,0,29.0,6,2.6667,False,Accuracy_Voting_Pred,False,0.02729723344525873
1,0,3,1,0,2,1,1,2.0,1,0.0,0,0.0,1.0,0,0,0.0,1,1.0,False,Accuracy_Voting_Pred,False,0.015093457379244628
2,0,2,14,11,1,1,4,0.666666667,81,0.666666667,2,0.764705882,0.4,1,1,12.0,3,1.0,False,Accuracy_Voting_Pred,False,0.0439258785839606
1,0,4,5,0,4,0,3,0.833333333,22,1.0,0,0.0,0.75,0,0,4.0,1,0.5,False,Accuracy_Voting_Pred,False,0.01809024730823501
1,0,7,6,15,5,2,6,2.0,6,0.0,0,0.0,0.361111111,0,0,0.0,1,1.0,False,Accuracy_Voting_Pred,False,0.03308271865749746
1,0,9,6,15,7,2,6,2.0,6,0.0,0,0.0,0.466666667,0,0,0.0,1,1.0,False,Accuracy_Voting_Pred,False,0.0294103479861047
1,0,5,20,0,0,5,3,0.5,94,1.0,0,0.0,0.666666667,0,0,29.66666667,1,0.6667,False,Accuracy_Voting_Pred,False,0.023633479695545537
2,0,8,12,1,0,8,2,1.0,59,1.0,0,0.833333333,1.0,0,0,25.0,1,0.5,False,Accuracy_Voting_Pred,False,0.010154434881402543
1,1,10,43,8,1,9,2,0.704545455,219,1.0,1,0.0,0.218181818,0,0,16.91666667,4,1.6667,False,Accuracy_Voting_Pred,False,0.05615135099130908
2,0,4,13,3,1,4,1,1.5,39,0.0,0,0.818181818,0.4,1,1,11.0,1,0.6667,True,Accuracy_Voting_Pred,False,0.035557019329579755
1,0,17,32,53,16,2,14,0.875,211,1.0,0,0.0,0.266666667,1,1,12.53333333,7,1.4667,False,Accuracy_Voting_Pred,False,0.09122966874579516
1,0,21,43,20,0,21,8,0.854166667,252,1.0,5,0.0,0.204545455,0,0,26.33333333,5,1.5556,False,Accuracy_Voting_Pred,False,0.2679072396612284
1,0,3,13,4,3,0,9,0.625,90,1.0,0,0.0,0.7222222220000001,0,0,8.666666667000001,1,0.7778,False,Accuracy_Voting_Pred,False,0.01968408304346286
1,0,8,5,10,7,1,5,2.0,5,0.0,0,0.0,0.44,0,0,0.0,1,1.0,False,Accuracy_Voting_Pred,False,0.02929429134934696
1,0,0,2,0,0,0,1,2.0,11,0.0,0,0.0,1.0,0,0,3.0,0,0.0,False,Accuracy_Voting_Pred,False,0.09662678412767849
2,0,4,14,11,3,1,4,0.875,141,0.25,7,0.764705882,0.4,1,1,21.16666667,3,1.0,False,Accuracy_Voting_Pred,False,0.1509354592972203
2,0,4,10,1,0,4,2,2.0,30,0.0,0,0.666666667,0.75,0,0,14.0,2,1.0,False,Accuracy_Voting_Pred,False,0.013917753188022249
4,0,13,53,325,0,13,26,1.04,204,1.0,0,0.609375,0.25,0,0,6.807692307999999,1,0.9615,False,Accuracy_Voting_Pred,False,0.36726518858298457
1,0,5,14,0,1,4,3,0.25,63,1.0,1,0.0,0.5555555560000001,0,0,19.33333333,3,1.3333,False,Accuracy_Voting_Pred,False,0.03000358739149513
1,0,3,14,0,3,0,9,0.694444444,164,1.0,0,0.0,0.5,1,1,15.0,13,2.3,False,Accuracy_Voting_Pred,False,0.224158900078492
1,0,25,60,492,23,6,25,0.8402777779999999,441,1.0,2,0.0,0.148648649,1,1,10.702702699999998,7,1.4865,False,Accuracy_Voting_Pred,True,0.8139624410275219
1,0,18,49,51,1,17,4,1.076923077,350,1.0,1,0.0,0.4,0,0,28.45454545,3,1.4545,True,Accuracy_Voting_Pred,False,0.4187662607923915
2,0,10,14,11,9,1,4,0.857142857,129,0.28571428600000004,6,0.764705882,0.4,1,1,19.33333333,3,1.0,False,Accuracy_Voting_Pred,False,0.27296580411758115
2,0,8,12,1,0,8,2,1.0,56,1.0,0,0.833333333,1.0,0,0,24.0,1,0.5,False,Accuracy_Voting_Pred,False,0.010154434881402543
1,0,17,60,10,1,16,2,0.732142857,495,1.0,3,0.0,0.2875,0,0,59.875,3,1.25,True,Accuracy_Voting_Pred,False,0.10172861061813766
1,0,15,42,16,0,15,10,0.757575758,354,1.0,5,0.0,0.242424242,0,0,28.0,4,1.5,False,Accuracy_Voting_Pred,False,0.15944657406096632
1,0,5,18,21,2,3,10,0.666666667,174,1.0,0,0.0,0.533333333,0,0,16.0,19,2.7,False,Accuracy_Voting_Pred,False,0.023106559395539517
1,0,12,11,55,7,5,11,2.0,11,0.0,0,0.0,0.33766233799999995,0,0,0.0,1,1.0,True,Accuracy_Voting_Pred,False,0.039339716676283235
1,0,14,53,24,1,13,2,1.123809524,448,1.0,1,0.0,0.375,0,0,51.25,5,1.875,True,GMean_Voting_Pred,True,0.5589634842812783
1,0,5,41,0,2,4,14,0.775,254,0.75,1,0.0,0.257142857,0,0,14.375,3,1.5625,False,Accuracy_Voting_Pred,False,0.20674031188695
1,0,0,8,0,0,0,4,0.333333333,23,1.0,0,0.0,0.625,0,0,4.5,1,0.75,False,Accuracy_Voting_Pred,False,0.02014870487787857
1,0,8,12,66,3,5,12,2.0,12,0.0,0,0.0,0.347222222,0,0,0.0,1,1.0,False,Accuracy_Voting_Pred,False,0.040221158325263434
1,0,12,52,21,1,12,2,2.0,337,0.0,0,0.0,0.404761905,0,0,47.14285714,5,2.7143,False,Accuracy_Voting_Pred,False,0.04099636905443713
1,0,14,46,260,10,4,28,0.89010989,443,1.0,3,0.0,0.183908046,1,1,13.82758621,8,1.4138,True,Accuracy_Voting_Pred,False,0.3884836259080924
2,0,7,17,21,1,7,7,2.0,73,0.0,0,0.25,0.428571429,0,0,9.428571429,2,1.0,False,Accuracy_Voting_Pred,False,0.031607296802049344
1,0,4,13,15,2,2,5,2.0,84,0.0,0,0.0,0.5,0,0,13.0,1,0.8333,False,Accuracy_Voting_Pred,False,0.02594036984562892
1,0,0,10,1,0,0,2,2.0,45,0.0,0,0.0,0.5,0,0,21.5,4,2.0,False,Accuracy_Voting_Pred,False,0.024108936599560538
1,6,39,76,182,8,31,4,0.95625,495,1.0,4,0.0,0.111111111,0,0,21.80952381,2,1.0952,False,Accuracy_Voting_Pred,False,0.456171730784777
1,0,26,72,177,0,26,23,0.909090909,380,1.0,10,0.0,0.125,0,0,15.08695652,4,1.2609,False,Accuracy_Voting_Pred,False,0.4424194169711914
1,0,7,54,31,0,7,6,0.775,297,1.0,0,0.0,0.225,0,0,25.63636364,7,1.6364,False,Accuracy_Voting_Pred,False,0.04758704729196565
2,0,2,14,11,1,1,4,0.833333333,117,0.333333333,5,0.764705882,0.4,1,1,17.5,3,1.0,False,Accuracy_Voting_Pred,False,0.09684447544681753
1,0,5,4,6,5,0,4,2.0,4,0.0,0,0.0,0.833333333,0,0,0.0,1,1.0,False,Accuracy_Voting_Pred,False,0.016247781312437613
1,0,15,47,60,1,14,10,0.7638888890000001,312,1.0,6,0.0,0.18589743600000003,0,0,22.53846154,7,1.8462,False,Accuracy_Voting_Pred,False,0.2782853902607205
1,0,3,21,63,3,1,15,0.828571429,152,1.0,1,0.0,0.238095238,1,1,8.8,7,1.4,False,Accuracy_Voting_Pred,False,0.2564373737322991
3,0,8,31,10,0,8,3,1.25,135,1.0,0,0.8620689659999999,0.4,2,2,25.8,1,0.8,False,Accuracy_Voting_Pred,False,0.08381179521280978
1,0,2,12,31,2,0,10,0.86,64,1.0,0,0.0,0.681818182,0,0,4.363636364,1,0.8182,False,Accuracy_Voting_Pred,False,0.0202191219133368
1,0,3,9,1,0,3,1,1.0,26,0.0,1,0.0,1.0,0,0,11.5,0,0.0,False,Accuracy_Voting_Pred,False,0.014973240001972948
4,0,15,43,0,1,14,2,0.666666667,402,1.0,0,0.996168582,0.5555555560000001,2,3,198.5,17,8.5,False,Accuracy_Voting_Pred,False,0.048398270360849344
4,2,11,8,8,11,0,4,1.0,26,1.0,0,0.894736842,0.6,0,0,3.8,1,0.4,False,Accuracy_Voting_Pred,False,0.01170379706957428
5,0,22,6,3,21,1,2,1.5,16,1.0,0,1.0,0.666666667,0,0,4.0,0,0.0,False,Accuracy_Voting_Pred,False,0.010315434211464398
1,0,16,53,8,1,15,2,1.230769231,361,1.0,0,0.0,0.52,0,0,66.0,8,3.2,True,Accuracy_Voting_Pred,False,0.03675125576647512
1,0,2,2,1,2,0,2,2.0,2,0.0,0,0.0,0.875,0,0,0.0,1,1.0,False,Accuracy_Voting_Pred,False,0.015311443743842657
1,0,1,14,21,0,1,10,0.740740741,109,1.0,1,0.0,0.32,1,1,9.6,7,1.5,False,Accuracy_Voting_Pred,False,0.07309700395986803
2,0,9,8,6,8,1,3,0.875,79,0.333333333,5,0.8125,0.4166666670000001,1,1,13.6,1,0.6,False,Accuracy_Voting_Pred,False,0.07246275838407684
1,0,14,49,53,0,14,11,0.775510204,360,1.0,6,0.0,0.221428571,0,0,22.53333333,4,1.4667,False,Accuracy_Voting_Pred,False,0.2701405162524473
2,0,11,9,9,11,0,4,0.857142857,91,0.428571429,5,0.764705882,0.4,1,1,13.0,1,0.6667,False,Accuracy_Voting_Pred,False,0.08108698610120961
1,0,18,17,16,16,2,9,0.525,112,1.0,1,0.0,0.472222222,0,0,10.88888889,2,0.7778,False,Accuracy_Voting_Pred,False,0.027578667757449743
1,0,4,14,0,1,3,2,0.0,78,1.0,0,0.0,0.666666667,0,0,37.5,3,1.5,False,Accuracy_Voting_Pred,False,0.022319558109980223
1,0,8,5,10,3,5,5,2.0,5,0.0,0,0.0,0.433333333,0,0,0.0,1,1.0,False,Accuracy_Voting_Pred,False,0.03181658329529278
2,0,6,33,51,1,5,12,0.8367346940000001,183,1.0,0,0.4166666670000001,0.34666666700000004,2,2,10.73333333,3,1.3333,False,Accuracy_Voting_Pred,False,0.12427631780231492
1,0,11,20,4,4,7,2,0.666666667,111,1.0,0,0.0,0.5,0,0,26.5,3,1.25,False,Accuracy_Voting_Pred,False,0.032564407161805635
1,0,4,1,0,2,2,1,2.0,1,0.0,0,0.0,1.0,0,0,0.0,1,1.0,False,Accuracy_Voting_Pred,False,0.01428737527571784
2,0,23,61,6,1,22,2,0.761904762,413,1.0,1,0.7307692309999999,0.3,1,3,49.875,6,2.375,False,Accuracy_Voting_Pred,False,0.43812887093063385
1,0,21,36,3,14,7,2,0.533333333,187,1.0,0,0.0,0.333333333,0,0,29.66666667,4,1.3333,False,Accuracy_Voting_Pred,False,0.039773175922173394
1,2,13,43,27,2,11,8,0.78,220,1.0,1,0.0,0.283333333,0,0,18.54545455,4,1.1818,False,Accuracy_Voting_Pred,False,0.056955222267189576
1,0,3,18,26,3,0,13,0.75,134,1.0,0,0.0,0.512820513,0,0,8.923076923,1,0.8462,False,Accuracy_Voting_Pred,False,0.02448189867207281
1,0,7,13,10,7,0,7,0.8,75,1.0,0,0.0,0.34375,0,0,7.75,2,0.875,False,Accuracy_Voting_Pred,False,0.19568122274083172
1,0,11,37,21,0,11,7,0.8,190,1.0,4,0.0,0.24691358,0,0,17.5,3,1.1,False,Accuracy_Voting_Pred,False,0.09703850736029228
1,0,21,92,107,0,21,11,0.855555556,765,1.0,5,0.0,0.20242915,0,0,39.0,9,2.6316,False,Accuracy_Voting_Pred,False,0.32581817700941235
1,14,16,5,1,14,2,3,0.5,17,1.0,0,0.0,0.666666667,0,0,4.333333333,1,0.6667,False,Accuracy_Voting_Pred,False,0.020529131702454004
1,0,18,39,143,16,3,23,0.8506493509999999,309,1.0,2,0.0,0.236024845,1,1,12.13043478,7,1.3478,False,Accuracy_Voting_Pred,False,0.4951933300766225
2,0,7,6,1,6,1,2,2.0,16,0.0,0,0.923076923,1.0,0,0,7.0,1,0.5,False,Accuracy_Voting_Pred,False,0.007738409493692555
2,0,6,15,2,0,6,4,0.7777777779999999,57,1.0,1,0.625,0.4375,0,0,12.5,1,0.75,True,Accuracy_Voting_Pred,False,0.022931395192144752
1,0,10,25,300,2,8,25,2.0,25,0.0,0,0.0,0.255,0,0,0.0,1,1.0,False,Accuracy_Voting_Pred,False,0.3310988638033959
1,0,1,3,3,1,0,3,2.0,3,0.0,0,0.0,1.0,0,0,0.0,1,1.0,False,Accuracy_Voting_Pred,False,0.013266993099151962
1,0,10,55,0,4,7,9,0.6527777779999999,298,1.0,1,0.0,0.3,0,0,21.46153846,6,1.9231,False,Accuracy_Voting_Pred,False,0.3756156924815832
1,0,23,58,263,22,1,24,0.85440613,724,1.0,0,0.0,0.305555556,0,0,22.83333333,7,1.4,False,Accuracy_Voting_Pred,False,0.2238288403532805
1,0,9,6,15,6,3,6,2.0,6,0.0,0,0.0,0.533333333,0,0,0.0,1,1.0,False,Accuracy_Voting_Pred,False,0.02637876874100721
1,0,4,14,0,1,3,2,0.0,78,1.0,0,0.0,0.666666667,0,0,37.5,3,1.5,False,Accuracy_Voting_Pred,False,0.022319558109980223
1,0,20,17,16,18,2,9,0.525,112,1.0,1,0.0,0.472222222,0,0,10.88888889,2,0.7778,False,Accuracy_Voting_Pred,False,0.027578667757449743
2,0,12,9,9,12,0,4,0.857142857,91,0.428571429,5,0.764705882,0.4,1,1,13.0,1,0.6667,False,Accuracy_Voting_Pred,False,0.08108698610120961
1,0,14,50,51,0,14,11,0.7551020409999999,361,1.0,6,0.0,0.221428571,0,0,22.6,5,1.5333,False,Accuracy_Voting_Pred,False,0.26979656100818383
2,0,8,8,6,7,1,3,0.875,79,0.333333333,5,0.8125,0.4166666670000001,1,1,13.6,1,0.6,False,Accuracy_Voting_Pred,False,0.07246275838407684
1,0,6,22,42,3,3,12,0.727272727,204,1.0,0,0.0,0.5,0,0,15.66666667,19,2.3333,False,Accuracy_Voting_Pred,False,0.027259672282111336
1,0,1,14,21,0,1,10,0.740740741,109,1.0,1,0.0,0.32,1,1,9.6,7,1.5,True,Accuracy_Voting_Pred,False,0.07309700395986803
1,0,22,35,3,15,7,2,0.533333333,186,1.0,0,0.0,0.333333333,0,0,29.5,4,1.3333,False,Accuracy_Voting_Pred,False,0.039773175922173394
1,6,17,43,27,6,11,8,0.78,220,1.0,1,0.0,0.283333333,0,0,18.54545455,4,1.1818,False,Accuracy_Voting_Pred,False,0.056955222267189576
1,0,3,18,26,3,0,13,0.75,134,1.0,0,0.0,0.512820513,0,0,8.923076923,1,0.8462,False,Accuracy_Voting_Pred,False,0.02448189867207281
1,0,10,28,378,2,8,28,2.0,28,0.0,0,0.0,0.267857143,0,0,0.0,1,1.0,False,Accuracy_Voting_Pred,False,0.3976603227429402
1,0,8,5,10,3,5,5,2.0,5,0.0,0,0.0,0.433333333,0,0,0.0,1,1.0,False,Accuracy_Voting_Pred,False,0.03181658329529278
2,0,6,33,51,1,5,12,0.8367346940000001,183,1.0,0,0.391304348,0.34666666700000004,2,2,10.73333333,3,1.3333,False,Accuracy_Voting_Pred,False,0.12595267863924892
1,0,11,20,4,4,7,2,0.666666667,111,1.0,0,0.0,0.5,0,0,26.5,3,1.25,False,Accuracy_Voting_Pred,False,0.032564407161805635
1,0,8,21,0,1,7,2,1.0,168,1.0,1,0.0,0.4,0,0,39.0,3,1.5,False,Accuracy_Voting_Pred,False,0.04853331627706439
1,0,2,7,3,2,0,5,0.8,35,1.0,0,0.0,0.5555555560000001,0,0,4.333333333,1,0.6667,False,Accuracy_Voting_Pred,False,0.025866594742591963
2,0,3,8,6,0,3,4,2.0,22,0.0,0,0.4,1.0,0,0,4.5,1,0.75,False,Accuracy_Voting_Pred,False,0.014253319661929288
1,0,13,33,13,0,13,4,1.0,226,1.0,1,0.0,0.425,0,0,18.63636364,1,0.8182,False,Accuracy_Voting_Pred,False,0.06571151173850212
2,0,18,41,7,1,17,2,0.666666667,216,1.0,0,0.791666667,0.3666666670000001,1,3,34.5,5,2.3333,False,Accuracy_Voting_Pred,False,0.1424146091230066
1,0,5,34,36,4,1,7,0.727272727,342,1.0,0,0.0,0.464285714,0,0,27.16666667,4,1.8333,False,Accuracy_Voting_Pred,False,0.0350186863246513
1,0,37,143,484,0,37,37,0.891737892,814,1.0,8,0.0,0.115384615,0,0,19.125,6,1.45,False,Accuracy_Voting_Pred,True,0.8652873254550059
2,0,11,17,21,4,11,7,2.0,80,0.0,0,0.25,0.30952381,0,0,10.42857143,1,0.8571,False,Accuracy_Voting_Pred,False,0.059518923118604024
1,0,2,2,1,2,0,2,2.0,2,0.0,0,0.0,0.875,0,0,0.0,1,1.0,False,Accuracy_Voting_Pred,False,0.017617615998988933
2,0,23,61,6,1,22,2,0.761904762,413,1.0,1,0.7307692309999999,0.3,1,3,49.875,6,2.375,False,Accuracy_Voting_Pred,False,0.442556169507612
1,0,4,1,0,2,2,1,2.0,1,0.0,0,0.0,1.0,0,0,0.0,1,1.0,False,Accuracy_Voting_Pred,False,0.016371009207378568
1,0,1,3,3,1,0,3,2.0,3,0.0,0,0.0,1.0,0,0,0.0,1,1.0,False,Accuracy_Voting_Pred,False,0.014938597306399896
1,0,11,36,25,3,8,7,0.388888889,284,1.0,2,0.0,0.475,0,0,27.0,6,2.0,False,Accuracy_Voting_Pred,False,0.3828985647420677
1,0,23,58,263,22,1,24,0.85440613,724,1.0,0,0.0,0.305555556,0,0,22.83333333,7,1.4,False,Accuracy_Voting_Pred,False,0.23520027655514375
5,0,24,6,3,23,1,2,1.5,16,1.0,0,1.0,0.666666667,0,0,4.0,0,0.0,False,Accuracy_Voting_Pred,False,0.012950892463968612
2,0,7,17,21,1,7,7,2.0,73,0.0,0,0.25,0.428571429,0,0,9.428571429,2,1.0,False,Accuracy_Voting_Pred,False,0.04123752122678751
1,0,3,22,3,1,2,3,2.0,66,0.0,0,0.0,0.333333333,0,0,21.0,2,1.3333,False,Accuracy_Voting_Pred,False,0.04069948201285315
1,0,14,48,309,10,4,30,0.8976190479999999,465,1.0,3,0.0,0.167741935,1,1,13.5483871,8,1.3871,False,Accuracy_Voting_Pred,True,0.7335188468769386
1,0,8,13,78,3,5,13,2.0,13,0.0,0,0.0,0.384615385,0,0,0.0,1,1.0,False,Accuracy_Voting_Pred,False,0.08274894864086142
1,0,0,8,0,0,0,4,0.333333333,23,1.0,0,0.0,0.625,0,0,4.5,1,0.75,False,Accuracy_Voting_Pred,False,0.02391403081247051
1,0,9,31,8,1,8,2,1.1875,151,1.0,1,0.0,0.45,0,0,27.6,3,1.2,False,Accuracy_Voting_Pred,False,0.04773621621281194
1,0,5,41,0,2,4,14,0.775,254,0.75,1,0.0,0.257142857,0,0,14.375,3,1.5625,False,Accuracy_Voting_Pred,False,0.21621806933807847
1,0,16,13,78,9,7,13,2.0,13,0.0,0,0.0,0.299145299,0,0,0.0,1,1.0,False,Accuracy_Voting_Pred,False,0.22720414723846005
1,0,11,38,13,2,9,3,1.142857143,189,0.7142857140000001,0,0.0,0.2,0,0,29.33333333,5,1.6667,False,Accuracy_Voting_Pred,False,0.06846824980089894
1,0,4,9,11,4,0,7,0.7777777779999999,39,1.0,0,0.0,0.35714285700000004,0,0,4.1428571430000005,1,0.8571,False,Accuracy_Voting_Pred,False,0.2014373454199289
1,0,9,23,0,9,0,12,0.727272727,157,1.0,0,0.0,0.333333333,0,0,11.66666667,2,0.8333,False,Accuracy_Voting_Pred,False,0.0350931661812534
2,0,5,12,6,2,5,1,1.333333333,37,0.0,0,0.75,0.35,1,1,8.0,1,0.75,False,Accuracy_Voting_Pred,False,0.04923072705837745
1,0,9,6,15,6,3,6,2.0,6,0.0,0,0.0,0.533333333,0,0,0.0,1,1.0,False,Accuracy_Voting_Pred,False,0.032308146246022865
2,0,6,15,2,0,6,4,0.7777777779999999,57,1.0,1,0.625,0.4375,0,0,12.5,1,0.75,False,Accuracy_Voting_Pred,False,0.3629431656038845
1,0,10,33,4,1,9,2,1.259259259,172,1.0,0,0.0,0.5,0,0,39.75,2,0.75,False,Accuracy_Voting_Pred,False,0.04396155000562591
2,0,7,6,1,6,1,2,2.0,16,0.0,0,0.923076923,1.0,0,0,7.0,1,0.5,False,Accuracy_Voting_Pred,False,0.009511684676565551
1,0,18,39,143,16,3,23,0.8506493509999999,309,1.0,2,0.0,0.236024845,1,1,12.13043478,7,1.3478,True,Accuracy_Voting_Pred,False,0.15204543930050646
1,15,17,5,1,15,2,3,0.5,17,1.0,0,0.0,0.666666667,0,0,4.333333333,1,0.6667,False,Accuracy_Voting_Pred,False,0.02440403463086461
1,0,21,92,107,0,21,11,0.855555556,765,1.0,5,0.0,0.20242915,0,0,39.0,9,2.6316,False,Accuracy_Voting_Pred,False,0.3367794332479124
1,0,13,82,28,1,12,3,2.0,498,0.0,0,0.0,0.208333333,0,0,61.25,10,3.125,False,Accuracy_Voting_Pred,False,0.0596929188139641
1,0,11,37,21,0,11,7,0.8,190,1.0,4,0.0,0.24691358,0,0,17.5,3,1.1,False,Accuracy_Voting_Pred,False,0.10933514411497698
1,0,7,13,10,7,0,7,0.8,75,1.0,0,0.0,0.34375,0,0,7.75,2,0.875,False,Accuracy_Voting_Pred,False,0.2020820045677859
1,0,12,40,8,1,11,2,1.1875,173,1.0,0,0.0,0.4166666670000001,0,0,32.0,2,1.0,False,Accuracy_Voting_Pred,False,0.2247339918338357
1,0,15,42,16,0,15,10,0.757575758,354,1.0,5,0.0,0.242424242,0,0,28.0,4,1.5,False,Accuracy_Voting_Pred,False,0.20965897003107584
2,0,11,14,11,10,1,4,0.857142857,129,0.28571428600000004,6,0.764705882,0.4,1,1,19.33333333,3,1.0,False,Accuracy_Voting_Pred,False,0.2868373314657651
2,0,9,18,28,3,9,8,2.0,65,0.0,0,0.222222222,0.28571428600000004,0,0,7.125,1,0.875,False,Accuracy_Voting_Pred,False,0.05494882776495075
1,0,26,62,457,24,6,28,0.844594595,454,1.0,2,0.0,0.15,1,1,10.73684211,7,1.4737,True,Accuracy_Voting_Pred,False,0.4403857401454308
1,1,9,41,9,1,8,2,0.7,214,1.0,1,0.0,0.23,0,0,18.09090909,4,1.7273,False,Accuracy_Voting_Pred,False,0.0632500778577705
2,0,4,13,3,1,4,1,1.5,39,0.0,0,0.818181818,0.4,1,1,11.0,1,0.6667,False,Accuracy_Voting_Pred,False,0.37492474337154463
1,0,17,32,53,16,2,14,0.875,211,1.0,0,0.0,0.266666667,1,1,12.53333333,7,1.4667,False,Accuracy_Voting_Pred,False,0.08361953079923999
1,0,25,60,492,23,6,25,0.8402777779999999,441,1.0,2,0.0,0.148648649,1,1,10.702702699999998,7,1.4865,True,Accuracy_Voting_Pred,True,0.6116174747442502
1,0,3,14,0,3,0,9,0.694444444,164,1.0,0,0.0,0.5,1,1,15.0,13,2.3,False,Accuracy_Voting_Pred,False,0.2154964317760051
4,0,13,59,406,0,13,29,1.035714286,229,1.0,0,0.582089552,0.262931034,0,0,6.862068966,1,0.9655,False,Accuracy_Voting_Pred,False,0.40371698597398575
1,0,5,14,0,1,4,3,0.25,63,1.0,1,0.0,0.5555555560000001,0,0,19.33333333,3,1.3333,False,Accuracy_Voting_Pred,False,0.033597262671553024
2,0,4,9,1,2,4,1,2.0,30,0.0,0,0.9,0.625,1,1,13.0,1,0.5,False,Accuracy_Voting_Pred,False,0.02962780939930248
2,0,4,10,1,0,4,2,2.0,30,0.0,0,0.666666667,0.75,0,0,14.0,2,1.0,False,Accuracy_Voting_Pred,False,0.01801933348591031
2,0,6,16,3,0,6,2,1.0,237,1.0,0,0.7142857140000001,0.5,0,0,74.0,2,1.0,False,Accuracy_Voting_Pred,False,0.02689055435464084
2,0,14,29,91,8,14,14,2.0,135,0.0,0,0.133333333,0.295918367,0,0,8.642857142999999,1,0.9286,False,Accuracy_Voting_Pred,False,0.09896437387929262
2,0,9,36,1,2,9,1,2.0,400,1.0,0,0.9,0.625,1,2,195.5,1,0.5,False,Accuracy_Voting_Pred,False,0.04079286217775632
2,0,8,12,1,0,8,2,1.142857143,57,1.0,0,0.833333333,1.0,0,0,24.0,1,0.5,False,Accuracy_Voting_Pred,False,0.014692778014759862
1,0,5,20,0,0,5,3,0.5,94,1.0,0,0.0,0.666666667,0,0,29.66666667,1,0.6667,False,Accuracy_Voting_Pred,False,0.028246689457615607
1,0,9,6,15,7,2,6,2.0,6,0.0,0,0.0,0.466666667,0,0,0.0,1,1.0,False,Accuracy_Voting_Pred,False,0.03369917667184478
1,0,7,7,21,5,2,7,2.0,7,0.0,0,0.0,0.380952381,0,0,0.0,1,1.0,False,Accuracy_Voting_Pred,False,0.037813734295796576
1,0,9,31,3,1,8,3,2.0,75,0.0,0,0.0,0.333333333,0,0,24.0,1,0.6667,False,Accuracy_Voting_Pred,False,0.04926049076412553
1,0,25,63,33,1,24,2,0.222222222,468,1.0,0,0.0,0.16161616199999998,0,0,45.7,2,0.9,False,Accuracy_Voting_Pred,False,0.4476123592092229
1,0,4,5,0,4,0,3,0.833333333,22,1.0,0,0.0,0.75,0,0,4.0,1,0.5,False,Accuracy_Voting_Pred,False,0.019636579534808005
2,0,2,14,11,1,1,4,0.666666667,81,0.666666667,2,0.764705882,0.4,1,1,12.0,3,1.0,False,Accuracy_Voting_Pred,False,0.044166522207224
1,0,3,1,0,2,1,1,2.0,1,0.0,0,0.0,1.0,0,0,0.0,1,1.0,False,Accuracy_Voting_Pred,False,0.015589349965330616
1,0,2,13,3,2,0,1,2.0,90,0.0,0,0.0,0.444444444,0,0,29.0,6,2.6667,False,Accuracy_Voting_Pred,False,0.02734617205242584
2,0,4,14,11,3,1,4,0.875,141,0.25,7,0.764705882,0.4,1,1,21.16666667,3,1.0,False,Accuracy_Voting_Pred,False,0.17931640439026408
1,0,0,2,0,0,0,1,2.0,11,0.0,0,0.0,1.0,0,0,3.0,0,0.0,False,Accuracy_Voting_Pred,False,0.08828680601290291
1,0,9,5,10,8,1,5,2.0,5,0.0,0,0.0,0.44,0,0,0.0,1,1.0,False,Accuracy_Voting_Pred,False,0.028627438635304703
1,0,5,2,1,3,2,2,2.0,2,0.0,0,0.0,0.583333333,0,0,0.0,1,1.0,False,Accuracy_Voting_Pred,False,0.025368327975238025
1,0,2,15,37,1,1,11,0.85,109,1.0,1,0.0,0.242424242,1,1,8.545454545,7,1.5455,False,Accuracy_Voting_Pred,False,0.06835388351029563
2,0,20,52,18,1,19,2,0.7857142859999999,360,1.0,0,0.7307692309999999,0.325,1,3,43.5,6,2.5,False,Accuracy_Voting_Pred,False,0.2071588508095072
1,0,11,13,78,9,2,13,2.0,13,0.0,0,0.0,0.307692308,0,0,0.0,1,1.0,False,Accuracy_Voting_Pred,False,0.04004359373605742
1,0,7,33,11,1,6,3,1.085714286,169,1.0,0,0.0,0.6,0,0,26.0,5,1.6667,False,Accuracy_Voting_Pred,False,0.032610326614830286
1,0,34,154,142,0,34,17,0.805,1051,1.0,9,0.0,0.119047619,0,0,48.57142857,17,2.8095,False,Accuracy_Voting_Pred,False,0.4611004394355922
1,0,8,17,0,8,0,8,0.625,115,1.0,0,0.0,0.311111111,1,1,11.44444444,6,1.3333,False,Accuracy_Voting_Pred,False,0.05612829797216567
1,0,5,15,0,1,4,7,0.166666667,52,1.0,0,0.0,0.514285714,0,0,6.285714286,1,0.8571,False,Accuracy_Voting_Pred,False,0.029564318672499732
1,0,45,16,40,45,0,10,0.818181818,119,1.0,0,0.0,0.3,1,1,8.583333332999999,7,1.4167,True,Accuracy_Voting_Pred,False,0.06102913569070526
1,0,7,31,0,6,1,4,0.85,190,1.0,0,0.0,0.6,0,0,36.0,5,2.8,False,Accuracy_Voting_Pred,False,0.02167656828673066
1,0,7,19,4,4,3,9,0.5,97,1.0,0,0.0,0.7222222220000001,0,0,9.444444444,2,1.0,False,Accuracy_Voting_Pred,False,0.02307196939180496
1,0,3,7,6,3,0,4,2.0,17,0.0,0,0.0,1.0,0,0,3.25,1,0.75,False,Accuracy_Voting_Pred,False,0.01448007343153608
1,0,5,7,21,3,2,7,2.0,7,0.0,0,0.0,0.535714286,0,0,0.0,1,1.0,False,Accuracy_Voting_Pred,False,0.02755513889292829
1,0,3,13,4,3,0,9,0.625,90,1.0,0,0.0,0.7222222220000001,0,0,8.666666667000001,1,0.7778,False,Accuracy_Voting_Pred,False,0.019382663526152265
1,0,21,43,20,0,21,8,0.854166667,252,1.0,5,0.0,0.204545455,0,0,26.33333333,5,1.5556,False,Accuracy_Voting_Pred,False,0.3173756682695937
1,0,11,56,3,2,9,3,2.0,166,0.0,0,0.0,0.333333333,0,0,54.33333333,3,2.0,False,Accuracy_Voting_Pred,False,0.050950299554462654
3,0,2,18,1,0,2,2,2.0,70,1.0,0,0.961538462,1.0,1,2,33.5,3,1.5,False,Accuracy_Voting_Pred,False,0.01889243958471698
1,0,5,3,3,5,1,3,2.0,3,0.0,0,0.0,0.466666667,0,0,0.0,1,1.0,False,Accuracy_Voting_Pred,False,0.027554490927489086
2,0,5,9,6,0,5,4,2.0,38,0.0,0,0.4,0.4,0,0,8.5,1,0.75,False,Accuracy_Voting_Pred,False,0.029723420169291
5,0,14,6,3,13,1,2,1.5,16,1.0,0,1.0,0.666666667,0,0,4.0,0,0.0,False,Accuracy_Voting_Pred,False,0.0124479872089478
1,0,11,38,0,1,10,2,0.5,237,1.0,2,0.0,0.3666666670000001,0,0,45.6,4,2.2,False,Accuracy_Voting_Pred,False,0.05496845006607085
1,0,8,23,61,8,1,13,0.788461538,154,1.0,1,0.0,0.314285714,1,1,9.714285714,7,1.5,True,Accuracy_Ada_Pred,True,0.5013388101872067
1,0,5,36,10,0,5,2,2.0,163,0.0,0,0.0,0.266666667,0,0,31.6,3,1.2,False,Accuracy_Voting_Pred,False,0.042409628091586514
1,0,6,19,17,6,0,8,0.8222222220000001,128,0.8,0,0.0,0.311111111,1,1,11.3,5,1.3,False,Accuracy_Voting_Pred,False,0.05706212288123199
1,0,19,51,18,14,7,7,0.727272727,255,1.0,0,0.0,0.327272727,0,0,19.91666667,5,1.5833,True,Accuracy_Voting_Pred,False,0.046674932432383485
3,0,4,35,6,0,4,3,1.333333333,205,1.0,0,0.892857143,0.45,3,3,50.0,1,0.75,False,Accuracy_Voting_Pred,False,0.08044307786910328
3,0,3,4,1,2,1,3,1.0,15,1.0,0,0.964912281,0.666666667,0,0,3.333333333,1,0.6667,False,Accuracy_Voting_Pred,False,0.013430413786130224
1,0,6,29,26,1,5,3,0.6875,200,1.0,2,0.0,0.291666667,0,0,20.77777778,3,1.6667,False,Accuracy_Voting_Pred,False,0.046886256694826565
1,0,11,54,37,1,10,5,0.5555555560000001,449,1.0,2,0.0,0.375,0,0,43.7,9,2.6,False,Accuracy_Voting_Pred,False,0.052517556408637416
1,0,7,6,15,5,2,6,2.0,6,0.0,0,0.0,0.4166666670000001,0,0,0.0,1,1.0,False,Accuracy_Voting_Pred,False,0.03089158873705718
2,0,11,19,28,5,11,8,2.0,87,0.0,0,0.222222222,0.35416666700000005,0,0,9.875,1,0.875,False,Accuracy_Voting_Pred,False,0.05210149798501599
1,0,18,30,0,1,17,2,0.25,185,1.0,4,0.0,0.466666667,0,0,59.33333333,8,3.3333,False,Accuracy_Voting_Pred,False,0.24453359662137275
1,0,4,30,24,3,1,16,0.7589285709999999,331,1.0,1,0.0,0.317647059,1,1,18.05882353,22,2.5882,False,Accuracy_Voting_Pred,False,0.0538623988590497
1,0,3,1,0,2,1,1,2.0,1,0.0,0,0.0,1.0,0,0,0.0,1,1.0,False,Accuracy_Voting_Pred,False,0.015350253464869923
2,0,14,28,0,2,12,2,0.5,155,1.0,0,0.9,0.625,1,1,49.33333333,2,0.6667,False,Accuracy_Voting_Pred,False,0.0468474521079971
1,0,4,3,3,3,1,3,2.0,3,0.0,0,0.0,0.666666667,0,0,0.0,1,1.0,False,Accuracy_Voting_Pred,False,0.02215543827344088
1,0,9,9,14,8,1,7,0.857142857,46,1.0,1,0.0,0.458333333,0,0,4.25,1,0.75,False,Accuracy_Voting_Pred,False,0.02705563733152804
2,0,8,20,15,0,8,6,2.0,83,0.0,0,0.28571428600000004,0.833333333,0,0,12.83333333,2,1.1667,False,Accuracy_Voting_Pred,False,0.02529240113978487
1,0,9,60,55,4,5,3,1.1,540,0.954545455,0,0.0,0.340909091,0,0,46.09090909,5,2.4545,False,Accuracy_Voting_Pred,False,0.04093403916782365
2,0,7,10,6,1,7,4,2.0,29,0.0,0,0.4,0.4,0,0,6.25,1,0.75,False,Accuracy_Voting_Pred,False,0.03340704318699577
1,0,2,6,4,2,0,5,0.75,31,1.0,0,0.0,0.466666667,0,0,4.6,1,0.8,False,Accuracy_Voting_Pred,False,0.025574833968155127
1,0,12,43,331,9,3,31,0.902564103,370,1.0,3,0.0,0.167741935,1,1,10.51612903,7,1.1935,True,Accuracy_Voting_Pred,False,0.3938910611595337
1,0,8,1,0,8,0,1,2.0,1,0.0,0,0.0,1.0,0,0,0.0,1,1.0,False,Accuracy_Voting_Pred,False,0.01457199179070931
2,0,7,8,6,6,1,3,0.892857143,91,0.28571428600000004,6,0.8125,0.4166666670000001,1,1,15.8,1,0.6,False,Accuracy_Voting_Pred,False,0.07847724226293668
1,0,14,30,0,11,3,9,0.45,141,1.0,2,0.0,0.62962963,0,0,14.11111111,2,1.1111,False,Accuracy_Voting_Pred,False,0.026340800912491868
1,0,6,8,28,5,1,8,2.0,8,0.0,0,0.0,0.4,0,0,0.0,1,1.0,False,Accuracy_Voting_Pred,False,0.030778603793591534
1,0,10,30,9,4,6,4,0.2,226,1.0,0,0.0,0.65,0,0,36.5,4,1.8333,False,Accuracy_Voting_Pred,False,0.030636928202793744
1,0,10,28,110,9,1,20,0.8771929820000001,204,1.0,0,0.0,0.258333333,1,1,8.75,12,1.5,False,Accuracy_Voting_Pred,False,0.0844236937902626
2,0,10,20,28,4,10,8,2.0,83,0.0,0,0.222222222,0.46875,0,0,9.375,3,1.125,False,Accuracy_Voting_Pred,False,0.21160384405728191
2,0,6,10,6,1,6,4,2.0,27,0.0,0,0.4,0.583333333,0,0,5.75,1,0.75,False,Accuracy_Voting_Pred,False,0.026196345847674413
1,0,50,25,88,48,2,15,0.854166667,163,1.0,2,0.0,0.205882353,1,1,8.235294117999999,7,1.2941,True,Accuracy_Voting_Pred,False,0.0900668225961143
1,0,6,7,21,4,2,7,2.0,7,0.0,0,0.0,0.5,0,0,0.0,1,1.0,False,Accuracy_Voting_Pred,False,0.02861613004984315
1,0,0,2,0,0,0,0,2.0,13,0.0,0,0.0,1.0,0,0,3.0,0,0.0,False,Accuracy_Voting_Pred,False,0.08775889480112102
1,0,24,60,13,0,24,4,1.075757576,337,1.0,1,0.0,0.4166666670000001,0,0,45.57142857,3,1.4286,False,Accuracy_Ada_Pred,False,0.4955732354256879
1,0,0,5,0,0,0,4,1.0,23,0.333333333,0,0.0,0.75,0,0,4.0,1,0.5,False,Accuracy_Voting_Pred,False,0.01803862950284818
1,0,12,43,25,1,11,8,0.7142857140000001,411,1.0,0,0.0,0.44,0,0,35.72727273,5,1.5455,False,Accuracy_Voting_Pred,False,0.05522210641014907
1,0,10,19,83,8,2,15,0.904761905,129,1.0,2,0.0,0.20952381,1,1,7.2,7,1.4,True,Accuracy_Voting_Pred,False,0.08923881854415694
2,0,22,37,13,2,21,2,0.6,157,1.0,0,0.791666667,0.3666666670000001,1,3,25.0,4,1.8333,False,Accuracy_Voting_Pred,False,0.26567309065669903
1,0,12,44,69,6,7,23,0.754545455,215,1.0,3,0.0,0.16847826100000002,0,0,8.130434783,7,1.4348,False,Accuracy_Voting_Pred,False,0.07424237758777097
2,0,21,49,0,1,20,2,0.64,274,1.0,1,0.791666667,0.333333333,1,3,43.83333333,5,2.1667,False,Accuracy_Voting_Pred,False,0.4117046187542847
1,0,20,48,41,1,19,4,1.090909091,298,1.0,1,0.0,0.314814815,0,0,26.6,3,1.2,False,Accuracy_Voting_Pred,False,0.30890192239492337
1,0,12,35,4,1,12,2,1.083333333,271,1.0,0,0.0,0.466666667,0,0,65.75,9,3.0,False,Accuracy_Voting_Pred,False,0.04573015359929825
1,0,7,22,17,7,0,10,0.814285714,150,1.0,0,0.0,0.424242424,0,0,12.0,3,1.0,False,Accuracy_Voting_Pred,False,0.028272626433332632
1,0,10,32,4,1,9,2,1.3,241,1.0,1,0.0,0.4375,0,0,54.25,3,1.75,False,Accuracy_Voting_Pred,False,0.04702099567542458
1,0,23,42,36,14,9,8,2.0,207,0.0,0,0.0,0.351851852,0,0,22.0,7,1.5556,False,Accuracy_Voting_Pred,False,0.05352438647209238
1,0,10,8,28,8,2,8,2.0,8,0.0,0,0.0,0.5,0,0,0.0,1,1.0,False,Accuracy_Voting_Pred,False,0.028489210478725588
1,0,16,15,10,15,1,4,2.0,89,0.0,0,0.0,0.266666667,0,0,16.8,3,1.2,False,Accuracy_Voting_Pred,False,0.03461196062316775
2,0,7,12,1,0,7,2,1.0,125,1.0,0,0.833333333,1.0,0,0,58.5,1,0.5,False,Accuracy_Voting_Pred,False,0.013508816602276834
2,0,24,55,0,2,23,2,0.64,291,1.0,1,0.791666667,0.333333333,1,3,46.66666667,5,2.3333,False,Accuracy_Voting_Pred,False,0.4596267244640235
1,0,19,78,130,4,15,6,0.854166667,574,1.0,3,0.0,0.229411765,0,0,32.58823529,8,2.7059,False,Accuracy_Voting_Pred,False,0.1878949685268646
1,0,1,11,24,1,0,9,0.9,50,1.0,0,0.0,0.481481481,0,0,4.0,1,0.8889,False,Accuracy_Voting_Pred,False,0.3595319870910345
1,0,5,18,4,1,4,2,1.142857143,128,1.0,2,0.0,0.5,0,0,29.25,2,1.25,False,Accuracy_Voting_Pred,False,0.03339671559754328
1,0,4,5,10,3,1,5,2.0,5,0.0,0,0.0,0.9,0,0,0.0,1,1.0,False,Accuracy_Voting_Pred,False,0.01681445805073813
1,0,11,38,41,0,11,15,0.8214285709999999,185,1.0,6,0.0,0.193333333,0,0,10.93333333,5,1.2667,False,Accuracy_Voting_Pred,False,0.2396971694035822
2,0,7,11,1,0,7,2,1.0,46,1.0,0,0.833333333,1.0,0,0,20.5,1,0.5,False,Accuracy_Voting_Pred,False,0.013508816602276834
1,0,15,80,401,7,11,34,0.893048128,563,1.0,1,0.0,0.14285714300000002,1,1,14.77142857,5,1.3429,False,Accuracy_Voting_Pred,False,0.482073952899641
1,0,31,19,3,26,5,4,0.2,78,1.0,1,0.0,0.25,0,0,11.66666667,4,1.5,False,Accuracy_Voting_Pred,False,0.15503759428765498
1,0,1,13,15,1,0,5,2.0,385,0.0,0,0.0,0.458333333,0,0,63.16666667,47,9.0,False,Accuracy_Voting_Pred,False,0.015696207315951182
1,0,29,64,238,24,5,32,0.861290323,475,1.0,3,0.0,0.139204545,0,0,13.53125,4,1.0625,False,Accuracy_Voting_Pred,False,0.3012075277470122
1,0,7,54,31,0,7,6,0.775,297,1.0,0,0.0,0.225,0,0,25.63636364,7,1.6364,False,Accuracy_Voting_Pred,False,0.05141018335886066
1,0,25,65,222,0,25,25,0.927083333,352,1.0,11,0.0,0.124705882,0,0,12.6,4,1.24,False,Accuracy_Voting_Pred,False,0.463055298074002
1,0,6,36,289,4,2,26,0.945454545,198,1.0,0,0.0,0.214285714,1,1,6.192307692000001,7,1.2692,False,Accuracy_Voting_Pred,False,0.390488964445716
2,0,8,12,1,0,8,2,1.0,56,1.0,0,0.833333333,1.0,0,0,24.0,1,0.5,False,Accuracy_Voting_Pred,False,0.014299368067163951
1,0,4,3,3,2,2,3,2.0,3,0.0,0,0.0,0.466666667,0,0,0.0,1,1.0,False,Accuracy_Voting_Pred,False,0.02793183441264778
1,0,8,7,21,6,2,7,2.0,7,0.0,0,0.0,0.306122449,0,0,0.0,1,1.0,False,Accuracy_Voting_Pred,False,0.03446185709088973
2,0,4,9,1,2,4,1,2.0,33,0.0,0,0.9,0.625,1,1,14.5,1,0.5,False,Accuracy_Voting_Pred,False,0.026908352404875012
1,0,8,26,5,5,3,11,0.7,177,1.0,1,0.0,0.290909091,0,0,14.81818182,2,1.2727,False,Accuracy_Voting_Pred,False,0.03778870676034559
2,0,2,14,11,1,1,4,0.8,105,0.4,4,0.764705882,0.4,1,1,15.66666667,3,1.0,False,Accuracy_Voting_Pred,False,0.05760444458144015
2,0,2,14,11,1,1,4,0.8,105,0.4,4,0.764705882,0.4,1,1,15.66666667,3,1.0,False,Accuracy_Voting_Pred,False,0.05760444458144015
1,0,18,43,4,1,17,3,0.666666667,219,1.0,1,0.0,0.375,0,0,53.5,4,1.5,False,Accuracy_Voting_Pred,False,0.10000667805896098
2,0,2,14,11,1,1,4,0.833333333,117,0.333333333,5,0.764705882,0.4,1,1,17.5,3,1.0,False,Accuracy_Voting_Pred,False,0.08420552838000023
1,0,5,4,6,5,0,4,2.0,4,0.0,0,0.0,0.833333333,0,0,0.0,1,1.0,False,Accuracy_Voting_Pred,False,0.017099734645792803
1,0,17,62,10,1,16,2,0.73015873,525,1.0,3,0.0,0.2875,0,0,63.5,3,1.375,False,Accuracy_Voting_Pred,False,0.3003781375657905
1,6,39,76,182,8,31,4,0.95625,495,1.0,4,0.0,0.111111111,0,0,21.80952381,2,1.0952,False,Accuracy_Voting_Pred,False,0.4849477748453872
1,0,4,13,15,2,2,5,2.0,84,0.0,0,0.0,0.5,0,0,13.0,1,0.8333,False,Accuracy_Voting_Pred,False,0.02712669908725535
4,2,11,8,8,11,0,4,1.0,26,1.0,0,0.894736842,0.6,0,0,3.8,1,0.4,False,Accuracy_Voting_Pred,False,0.013314316686566982
4,0,15,43,0,1,14,2,0.666666667,402,1.0,0,0.996168582,0.5555555560000001,2,3,198.5,17,8.5,False,Accuracy_Voting_Pred,False,0.052013552435684174
1,0,3,9,1,0,3,1,1.0,26,0.0,1,0.0,1.0,0,0,11.5,0,0.0,False,Accuracy_Voting_Pred,False,0.01614923779115952
1,0,2,12,31,2,0,10,0.86,64,1.0,0,0.0,0.681818182,0,0,4.363636364,1,0.8182,False,Accuracy_Voting_Pred,False,0.0212107349258301
1,0,2,11,24,2,0,9,0.84375,49,1.0,0,0.0,0.481481481,0,0,4.0,1,0.8889,False,Accuracy_Voting_Pred,False,0.3595319870910345
3,0,8,31,10,0,8,3,1.25,135,1.0,0,0.8620689659999999,0.4,2,2,25.8,1,0.8,False,Accuracy_Voting_Pred,False,0.06988012544792893
1,0,3,21,63,3,1,15,0.828571429,152,1.0,1,0.0,0.238095238,1,1,8.8,7,1.4,True,Accuracy_Voting_Pred,False,0.07727020659981712
1,0,13,44,60,1,12,10,0.7638888890000001,297,1.0,6,0.0,0.18589743600000003,0,0,21.38461538,6,1.7692,False,Accuracy_Voting_Pred,False,0.2733615979324779
1,0,6,42,118,4,3,20,0.8105263159999999,264,1.0,1,0.0,0.188888889,1,1,11.95,7,1.45,True,Accuracy_Voting_Pred,False,0.1162504473381524
1,0,7,21,6,1,6,4,1.0625,134,1.0,3,0.0,0.533333333,0,0,24.2,3,1.2,False,Accuracy_Voting_Pred,False,0.04020312536142319
2,0,7,11,1,0,7,2,1.0,35,1.0,0,0.833333333,1.0,0,0,16.0,1,0.5,False,Accuracy_Voting_Pred,False,0.013508816602276834
1,0,2,1,0,2,0,1,2.0,1,0.0,0,0.0,1.0,0,0,0.0,1,1.0,False,Accuracy_Voting_Pred,False,0.014066515137888716
2,0,4,5,1,0,4,2,2.0,11,0.0,0,0.666666667,0.75,0,0,4.5,1,0.5,False,Accuracy_Voting_Pred,False,0.015833306411540113
1,0,6,6,15,4,2,6,2.0,6,0.0,0,0.0,0.333333333,0,0,0.0,1,1.0,False,Accuracy_Voting_Pred,False,0.03304410011536275
1,0,3,2,1,2,1,2,2.0,2,0.0,0,0.0,0.75,0,0,0.0,1,1.0,False,Accuracy_Voting_Pred,False,0.01941285644657605
1,0,39,78,122,1,38,10,0.916666667,380,1.0,7,0.0,0.140522876,0,0,20.82352941,3,1.2941,False,Accuracy_Voting_Pred,True,0.6689098295294258
1,0,1,23,9,1,0,9,0.7555555559999999,155,1.0,0,0.0,0.65,0,0,14.0,3,1.0,False,Accuracy_Voting_Pred,False,0.02117963590956736
1,0,11,7,7,10,1,5,0.88,41,1.0,1,0.0,0.375,0,0,5.0,1,0.6667,False,Accuracy_Voting_Pred,False,0.02924926125681658
1,0,1,4,1,0,1,2,2.0,9,0.0,0,0.0,1.0,0,0,3.5,1,0.5,False,Accuracy_Voting_Pred,False,0.01461058203311432
1,0,6,18,0,6,0,9,0.59375,131,1.0,0,0.0,0.388888889,1,1,13.11111111,8,2.0,False,Accuracy_Voting_Pred,False,0.1626966748405971
1,4,4,9,0,4,0,4,0.375,35,1.0,0,0.0,0.6,0,0,5.6,1,0.8,False,Accuracy_Voting_Pred,False,0.021549557172280808
1,0,10,23,69,10,0,15,0.7857142859999999,213,1.0,0,0.0,0.3666666670000001,1,1,12.86666667,7,1.7333,True,Accuracy_Voting_Pred,False,0.06470389278824484
1,0,8,28,378,1,7,28,2.0,28,0.0,0,0.0,0.349206349,0,0,0.0,1,1.0,False,Accuracy_Voting_Pred,False,0.407555973912574
1,0,9,35,66,0,9,12,2.0,156,0.0,0,0.0,0.297619048,1,1,12.0,1,0.9167,False,Accuracy_Voting_Pred,False,0.4282262079775188
1,0,11,28,378,1,10,28,2.0,28,0.0,0,0.0,0.267857143,0,0,0.0,1,1.0,False,Accuracy_Voting_Pred,False,0.4233914953526071
1,0,3,3,3,1,2,3,2.0,3,0.0,0,0.0,0.466666667,0,0,0.0,1,1.0,False,Accuracy_Voting_Pred,False,0.02793183441264778
1,0,6,4,6,5,1,4,2.0,4,0.0,0,0.0,0.6875,0,0,0.0,1,1.0,False,Accuracy_Voting_Pred,False,0.02103994342728943
1,0,37,111,267,0,37,24,0.903846154,645,1.0,10,0.0,0.117307692,0,0,22.44444444,4,1.4074,False,Accuracy_Voting_Pred,True,0.5307502000833476
1,0,8,14,30,7,1,12,0.848484848,88,1.0,1,0.0,0.3,0,0,5.833333333,1,0.8333,False,Accuracy_Voting_Pred,False,0.034348294806595424
1,0,5,13,20,4,1,9,0.791666667,99,1.0,1,0.0,0.288888889,1,1,9.666666667,7,1.6667,False,Accuracy_Voting_Pred,False,0.0651671860437615
1,0,9,26,3,1,8,3,2.0,138,0.0,0,0.0,0.5,0,0,45.0,5,2.3333,False,Accuracy_Voting_Pred,False,0.036514652394623315
2,0,10,20,36,5,10,9,2.0,80,0.0,0,0.2,0.377777778,0,0,7.888888888999999,1,0.8889,False,Accuracy_Voting_Pred,False,0.04676793194419987
2,0,7,15,15,2,7,6,2.0,46,0.0,0,0.28571428600000004,0.4,0,0,6.666666667,1,0.8333,False,Accuracy_Voting_Pred,False,0.034485535769059834
1,0,5,29,11,2,4,4,0.6,169,0.0,0,0.0,0.4,0,0,26.66666667,4,1.5,False,Accuracy_Voting_Pred,False,0.14582615669613205
1,0,3,31,1,1,2,3,0.5,203,1.0,1,0.0,0.333333333,0,0,32.5,3,1.3333,False,Accuracy_Voting_Pred,False,0.03460716183689614
1,0,11,50,180,10,1,26,0.726190476,418,1.0,0,0.0,0.226600985,1,1,13.20689655,7,1.2759,False,Accuracy_Voting_Pred,False,0.16934909525428676
